participant,exp,total_alpha_dB,relative_alpha_dB,CF_Hz,mean_alpha_cf,PW_dB,PW_dB_sum,BW_Hz,BW_Hz_sum,Aperiodic_Offset,Aperiodic_Exponent,R_squared,Error
sub-001,base,-0.6725205844364985,1.0883217952081492,11.510548,10.265044,5.306846,8.789055,2.749959,4.249959,-9.126215,2.459952,0.997541,0.025321
sub-001,lowlevel,-1.0531660093824438,1.225781655358988,11.294653,11.294653,8.120809,8.120809,4.0,4.0,-9.085975,2.394169,0.981136,0.079708
sub-001,highlevel,-0.3051502346471853,0.4881429005604257,10.568938,10.568938,5.977859,5.977859,3.608646,3.608646,-9.016571,2.533194,0.992645,0.040985
sub-002,base,0.5337079017178665,9.983615938628192,11.607842,11.607842,8.68595,8.68595,2.644976,2.644976,-10.596628,1.150212,0.987803,0.030519
sub-002,lowlevel,1.3983109589073612,5.553578893641779,11.417845,11.417845,10.636755,10.636755,2.49802,2.49802,-10.477258,1.309309,0.985956,0.039728
sub-002,highlevel,0.6816611218019273,41.30495981459641,11.515908,11.515908,8.33675,8.33675,2.646752,2.646752,-10.75464,1.035828,0.980936,0.039868
sub-003,base,0.13652639379126613,-7.433990600713687,8.121676,8.121676,8.423754,8.423754,1.558484,1.558484,-9.58203,1.955832,0.981162,0.063998
sub-003,lowlevel,1.0905764911329536,2.527475239285022,8.188309,8.188309,8.784141,8.784141,1.51351,1.51351,-9.406965,2.139644,0.971208,0.077991
sub-003,highlevel,0.3239619150049327,-5.192652346301998,8.117843,8.117843,9.16016,9.16016,1.553401,1.553401,-9.483865,2.081137,0.97547,0.073059
