{"freq_range": [5.319148936170213, 39.8936170212766], "freq_res": 0.6648936170212769, "aperiodic_params_": [-9.083702262119775, 2.4407318442711214], "gaussian_params_": [[9.94940879741811, 0.4496050812220846, 1.490399508672696], [12.569194945660943, 0.18048921786349637, 1.4087126634205605], [16.86975451541852, 0.1626649094466594, 3.613937152857124]], "peak_params_": [[9.94940879741811, 0.5089311471953373, 2.980799017345392], [12.569194945660943, 0.35100719912668765, 2.817425326841121], [16.86975451541852, 0.1651804958688743, 7.227874305714248]], "r_squared_": 0.9944664759046085, "error_": 0.03274654012988658}