{"freq_range": [5.319148936170213, 39.8936170212766], "freq_res": 0.6648936170212769, "aperiodic_params_": [-9.15684132885164, 2.313743163151585], "gaussian_params_": [[9.194621619997408, 0.5241757015097815, 1.1167785585669137], [13.051943081609624, 0.4611554738395282, 2.914684082249951]], "peak_params_": [[9.194621619997408, 0.7236002766700089, 2.2335571171338273], [13.051943081609624, 0.4601306986416045, 5.829368164499902]], "r_squared_": 0.9919177058724661, "error_": 0.05326715442000264}