{"freq_range": [5.319148936170213, 39.8936170212766], "freq_res": 0.6648936170212769, "aperiodic_params_": [-9.525779898826459, 2.209573833375116], "gaussian_params_": [[9.295042892188633, 0.22009465022906885, 1.9509886144101076], [16.293801272526338, 0.16363043027796595, 3.6173758593031193]], "peak_params_": [[9.295042892188633, 0.24544898014755745, 3.9019772288202152], [16.293801272526338, 0.16314736823707676, 7.234751718606239]], "r_squared_": 0.9948703913427998, "error_": 0.031220335970343568}