{"freq_range": [5.319148936170213, 39.8936170212766], "freq_res": 0.6648936170212769, "aperiodic_params_": [-9.139493522738768, 2.3770106480924933], "gaussian_params_": [[8.967637732648083, 0.46941574929353325, 0.7635355952059164], [11.493770665076422, 0.5944656963650707, 1.65166503204073], [16.05781309320674, 0.2373537453726367, 3.4993599975696084]], "peak_params_": [[8.967637732648083, 0.588274441834594, 1.5270711904118328], [11.493770665076422, 0.6891865136728477, 3.30333006408146], [16.05781309320674, 0.25267861363370514, 6.998719995139217]], "r_squared_": 0.9928242947611041, "error_": 0.04779673927901397}