{"freq_range": [5.319148936170213, 39.8936170212766], "freq_res": 0.6648936170212769, "aperiodic_params_": [-9.479713858888834, 2.281552580851797], "gaussian_params_": [[9.037110725127333, 0.4604245033116022, 0.792610060090604], [11.650305567893762, 0.3848406877501548, 1.0050332339677976], [16.12453613089868, 0.2046056901484367, 3.999999999999999]], "peak_params_": [[9.037110725127333, 0.5076044200235366, 1.585220120181208], [11.650305567893762, 0.4858186846980974, 2.0100664679355953], [16.12453613089868, 0.20446680535031447, 7.999999999999998]], "r_squared_": 0.9908432008383791, "error_": 0.04733832571907289}