{"freq_range": [5.319148936170213, 39.8936170212766], "freq_res": 0.6648936170212769, "aperiodic_params_": [-9.140261527894186, 2.414388158578426], "gaussian_params_": [[11.595721796586655, 0.4013177786211607, 1.438480191855067], [15.094846146797625, 0.1417157528944639, 0.7000000000000001], [18.586463815073696, 0.0799393754902144, 1.257282598599296], [32.622286463918854, 0.1388167940868611, 0.7000000000000001], [39.89361702127659, 0.18315845029572006, 3.615473563600342]], "peak_params_": [[11.595721796586655, 0.3931046887793066, 2.876960383710134], [15.094846146797625, 0.1535260713079314, 1.4000000000000001], [18.586463815073696, 0.07991891652918426, 2.514565197198592], [32.622286463918854, 0.16223193166544547, 1.4000000000000001], [39.89361702127659, 0.18315845029571953, 7.230947127200684]], "r_squared_": 0.9969367700428741, "error_": 0.025062177541129008}