{"freq_range": [5.319148936170213, 39.8936170212766], "freq_res": 0.6648936170212769, "aperiodic_params_": [-9.157999377949082, 2.421696578927401], "gaussian_params_": [[11.948420404446216, 0.5975382071673433, 2.165994226287314], [20.91428428918821, 0.1355850574044583, 2.978410023465519]], "peak_params_": [[11.948420404446216, 0.5990032353965891, 4.331988452574628], [20.91428428918821, 0.13508788879560285, 5.956820046931038]], "r_squared_": 0.9951899149607284, "error_": 0.03823740783596886}