{"freq_range": [5.319148936170213, 39.8936170212766], "freq_res": 0.6648936170212769, "aperiodic_params_": [-9.085975262154333, 2.3941685056275563], "gaussian_params_": [[11.294653087726195, 0.8120883309928714, 1.9999999999999998]], "peak_params_": [[11.294653087726195, 0.8120809304349255, 3.9999999999999996]], "r_squared_": 0.9811355101047786, "error_": 0.07970762314335202}