{"freq_range": [5.319148936170213, 39.8936170212766], "freq_res": 0.6648936170212769, "aperiodic_params_": [-10.33115791030448, 1.4367538202947794], "gaussian_params_": [], "peak_params_": [], "r_squared_": 0.9131799976118664, "error_": 0.08281261495748818}