{"freq_range": [5.319148936170213, 39.8936170212766], "freq_res": 0.6648936170212769, "aperiodic_params_": [-8.991876333222514, 2.5488153880429456], "gaussian_params_": [[8.82153972610392, 0.3595508441372893, 0.7082232850580046], [10.982426996925971, 0.39902689749084225, 1.4529760227359851], [16.143508458828283, 0.27386775690873694, 3.8207469579123123]], "peak_params_": [[8.82153972610392, 0.49750614995361886, 1.4164465701160092], [10.982426996925971, 0.5129511259948671, 2.9059520454719703], [16.143508458828283, 0.2746787119976215, 7.641493915824625]], "r_squared_": 0.9913962890031986, "error_": 0.045807359199030465}