{"freq_range": [5.319148936170213, 39.8936170212766], "freq_res": 0.6648936170212769, "aperiodic_params_": [-9.394973194607743, 2.145724456769114], "gaussian_params_": [[11.41086490659898, 0.44667624445381116, 2.818644398922438]], "peak_params_": [[11.41086490659898, 0.4463504521300834, 5.637288797844876]], "r_squared_": 0.9914027572212823, "error_": 0.046982182685623534}