{"freq_range": [5.319148936170213, 39.8936170212766], "freq_res": 0.6648936170212769, "aperiodic_params_": [-9.525447767094983, 2.175600496463467], "gaussian_params_": [[12.09802889386411, 0.322652850618911, 1.040363953759549], [30.366098519837784, 0.0846017951904932, 0.7000000000000004], [32.63383722204831, 0.04231964288176962, 0.7000000000000002], [34.437463793464254, 0.12405262989023015, 0.7000000000000001], [38.65177749383609, 0.26537367490528074, 1.052937804658837]], "peak_params_": [[12.09802889386411, 0.32014585687271335, 2.080727907519098], [30.366098519837784, 0.08114491933084977, 1.4000000000000008], [32.63383722204831, 0.04643027778948472, 1.4000000000000004], [34.437463793464254, 0.12275334562417406, 1.4000000000000001], [38.65177749383609, 0.26444958861094214, 2.105875609317674]], "r_squared_": 0.9935855958535244, "error_": 0.03371685536777903}