{"freq_range": [5.319148936170213, 39.8936170212766], "freq_res": 0.6648936170212769, "aperiodic_params_": [-11.215261196424327, 0.8240131778287736], "gaussian_params_": [], "peak_params_": [], "r_squared_": 0.763005174739292, "error_": 0.08274586378864553}