{"freq_range": [5.319148936170213, 39.8936170212766], "freq_res": 0.6648936170212769, "aperiodic_params_": [-9.81000738733584, 2.165645268749895], "gaussian_params_": [[6.967417646658959, 0.19032039135214382, 0.7000000000000001], [8.532455897361839, 0.1271653528665726, 0.7000000000000001], [12.530968405517953, 0.1749513695909594, 0.9154051877775937], [16.99271325487261, 0.20246433423618018, 1.8501467694326252]], "peak_params_": [[6.967417646658959, 0.17501295449124044, 1.4000000000000001], [8.532455897361839, 0.13642444427929945, 1.4000000000000001], [12.530968405517953, 0.18647467355827452, 1.8308103755551874], [16.99271325487261, 0.1999154582529723, 3.7002935388652505]], "r_squared_": 0.9960505675450033, "error_": 0.026451325287474455}