{"freq_range": [5.319148936170213, 39.8936170212766], "freq_res": 0.6648936170212769, "aperiodic_params_": [-9.677316777988548, 2.2742609015428563], "gaussian_params_": [[6.899035793322239, 0.11843680628497988, 0.7000000000000001], [9.01675884135913, 0.4137985001470466, 0.8968183808905713], [11.86043052334239, 0.22300455160598534, 0.8055576573911781], [16.60392511521407, 0.2805964914128792, 1.9028976755308893]], "peak_params_": [[6.899035793322239, 0.1237926521404038, 1.4000000000000001], [9.01675884135913, 0.3944444656864743, 1.7936367617811426], [11.86043052334239, 0.2372942703767702, 1.6111153147823563], [16.60392511521407, 0.28058335796142586, 3.8057953510617786]], "r_squared_": 0.995118624533736, "error_": 0.024995977728574405}