{"freq_range": [5.319148936170213, 39.8936170212766], "freq_res": 0.6648936170212769, "aperiodic_params_": [-9.8229643824046, 1.6825418432048804], "gaussian_params_": [[8.179688450221638, 0.24585256415331264, 0.8530414341769129], [10.390085073629484, 0.17424862533586102, 1.1332862777718886], [13.908702397769652, 0.09990444446871073, 1.736335911865244], [28.99693838742161, 0.19002435399846893, 0.9264167909673784], [32.77436026196681, 0.1483874199826362, 1.0876244268286297], [38.12259238001705, 0.24736478010637433, 1.1350837401895963]], "peak_params_": [[8.179688450221638, 0.257532901081877, 1.7060828683538258], [10.390085073629484, 0.1909338048791387, 2.2665725555437772], [13.908702397769652, 0.10106693134158107, 3.472671823730488], [28.99693838742161, 0.18356648030916922, 1.8528335819347568], [32.77436026196681, 0.14614083149869295, 2.1752488536572594], [38.12259238001705, 0.24261142046707107, 2.2701674803791927]], "r_squared_": 0.99152169830301, "error_": 0.02927407876550887}