{"freq_range": [5.319148936170213, 39.8936170212766], "freq_res": 0.6648936170212769, "aperiodic_params_": [-9.03986232312506, 2.507894474521647], "gaussian_params_": [[10.553935913383098, 0.5929660147233506, 1.7128146865546425], [16.012941737979947, 0.19593984526620928, 3.2133542097283643], [22.115658096197993, 0.07531694740808759, 3.9999998679856037]], "peak_params_": [[10.553935913383098, 0.641851643763486, 3.425629373109285], [16.012941737979947, 0.2230273689523372, 6.4267084194567285], [22.115658096197993, 0.11097046467945937, 7.999999735971207]], "r_squared_": 0.9938675235224251, "error_": 0.03541554832048129}