{"freq_range": [5.319148936170213, 39.8936170212766], "freq_res": 0.6648936170212769, "aperiodic_params_": [-11.552562311419335, 0.12729206563316198], "gaussian_params_": [[5.994500409442439, 0.2910486919593985, 1.1589075749111604], [20.120872528725894, 0.3631015968816586, 2.4218808343636495]], "peak_params_": [[5.994500409442439, 0.2910368565632879, 2.3178151498223207], [20.120872528725894, 0.36216500602218993, 4.843761668727299]], "r_squared_": 0.6472376071561285, "error_": 0.07970356466616094}