{"freq_range": [5.319148936170213, 39.8936170212766], "freq_res": 0.6648936170212769, "aperiodic_params_": [-11.53204960977409, 1.2655175251056459], "gaussian_params_": [[6.3575828245889205, 0.4352654298496689, 0.9627829404534016], [18.845625438423294, 0.15106918652983128, 1.5962538090027831], [21.509301486625994, 0.11791065599882308, 0.7000000000000001], [23.32806729266796, 0.08216134784777172, 0.7000000000000001]], "peak_params_": [[6.3575828245889205, 0.41578481814987533, 1.9255658809068033], [18.845625438423294, 0.14955103575299944, 3.1925076180055663], [21.509301486625994, 0.16006791197201942, 1.4000000000000001], [23.32806729266796, 0.0900902699250512, 1.4000000000000001]], "r_squared_": 0.9892928992479849, "error_": 0.03036201552653783}