{"freq_range": [5.319148936170213, 39.8936170212766], "freq_res": 0.6648936170212769, "aperiodic_params_": [-12.704778108145456, -0.2596508414279155], "gaussian_params_": [[20.922191950775854, 0.4176824150225058, 3.1969697328027618]], "peak_params_": [[20.922191950775854, 0.4157171994830158, 6.3939394656055235]], "r_squared_": 0.520765974096872, "error_": 0.09396735036667174}