{"freq_range": [5.319148936170213, 39.8936170212766], "freq_res": 0.6648936170212769, "aperiodic_params_": [-9.499064188731685, 2.021924761804494], "gaussian_params_": [[9.330578078260606, 0.24056973018814165, 1.4884872596341419], [13.520952954706546, 0.11143158175508978, 0.7000000000000001], [25.09402013578134, 0.08808674896645395, 0.7000000000000001], [34.216761678547826, 0.08661439236570047, 0.7000000000000001], [38.39387233790583, 0.18886519666755244, 1.3961852090379046]], "peak_params_": [[9.330578078260606, 0.2405432954063702, 2.9769745192682837], [13.520952954706546, 0.11281101182924047, 1.4000000000000001], [25.09402013578134, 0.08546922405908397, 1.4000000000000001], [34.216761678547826, 0.07974994840178873, 1.4000000000000001], [38.39387233790583, 0.1874710505259305, 2.792370418075809]], "r_squared_": 0.9950221789044402, "error_": 0.02771712083744297}