{"freq_range": [5.319148936170213, 39.8936170212766], "freq_res": 0.6648936170212769, "aperiodic_params_": [-9.57739485853036, 2.0418495702896866], "gaussian_params_": [[9.571041369126272, 0.3517604427456075, 2.017010882253739], [15.672865902143563, 0.3528226347759929, 1.0960720467442888], [18.572947811040027, 0.1540192430316967, 0.7000000000000001], [31.673352947735065, 0.12231002065158564, 1.607159369155371], [38.26242568139648, 0.22519339151186224, 2.3790165164790342]], "peak_params_": [[9.571041369126272, 0.34879342404442504, 4.034021764507478], [15.672865902143563, 0.34361227847837483, 2.1921440934885776], [18.572947811040027, 0.1632971939129657, 1.4000000000000001], [31.673352947735065, 0.1273441238431996, 3.214318738310742], [38.26242568139648, 0.22340580239062113, 4.7580330329580685]], "r_squared_": 0.9908592027013325, "error_": 0.0392561849693283}