{"freq_range": [5.319148936170213, 39.8936170212766], "freq_res": 0.6648936170212769, "aperiodic_params_": [-10.565684226800121, 0.8291028638973846], "gaussian_params_": [[6.245135590740545, 0.14499772308515624, 0.7632811502304755], [11.113940879099697, 0.1694231668142725, 0.7000000000000001], [16.65618238036222, 0.27932173581645825, 1.4077738361293686], [31.675940261872245, 0.2538383861164632, 2.111335995598019], [37.67382976201408, 0.2808904378896762, 3.179446537464028]], "peak_params_": [[6.245135590740545, 0.13675804065378294, 1.526562300460951], [11.113940879099697, 0.16354559754873144, 1.4000000000000001], [16.65618238036222, 0.2792410389577924, 2.815547672258737], [31.675940261872245, 0.306682882019091, 4.222671991196038], [37.67382976201408, 0.283484439172506, 6.358893074928056]], "r_squared_": 0.9642335065660149, "error_": 0.025901112106346366}