{"freq_range": [5.319148936170213, 39.8936170212766], "freq_res": 0.6648936170212769, "aperiodic_params_": [-10.225318666506894, 1.8694600763366653], "gaussian_params_": [[6.365578035110729, 0.17434871481812647, 0.7391227634442158], [10.220976101943766, 0.2152222172587818, 0.8737262752559505], [18.75166627968419, 0.09741697504748745, 1.0567508866319877], [23.67904462791554, 0.11441190063077343, 0.7001530615037601], [34.64705224017865, 0.12811029494654072, 1.0211468253030371], [38.628458270592, 0.22308766765246615, 1.2026309456878566]], "peak_params_": [[6.365578035110729, 0.16204638334780697, 1.4782455268884316], [10.220976101943766, 0.2067546065184036, 1.747452550511901], [18.75166627968419, 0.09662942447376643, 2.1135017732639754], [23.67904462791554, 0.10695168337958805, 1.4003061230075202], [34.64705224017865, 0.12854736953367052, 2.0422936506060743], [38.628458270592, 0.22284758868576127, 2.405261891375713]], "r_squared_": 0.9944340207354594, "error_": 0.025689130839186513}