{"freq_range": [5.319148936170213, 39.8936170212766], "freq_res": 0.6648936170212769, "aperiodic_params_": [-11.842343957780514, 0.08749351000920784], "gaussian_params_": [[22.38105653821078, 0.36714819881147065, 3.2596269295814957]], "peak_params_": [[22.38105653821078, 0.3662720432694062, 6.519253859162991]], "r_squared_": 0.4700070056667493, "error_": 0.0835247604145349}