{"freq_range": [5.319148936170213, 39.8936170212766], "freq_res": 0.6648936170212769, "aperiodic_params_": [-9.214747052315813, 2.4869871368211673], "gaussian_params_": [[9.041182488755826, 0.3395014953641709, 0.9466704645816417], [11.466153728352177, 0.39948650068782177, 1.0596950311382698], [18.327634430573454, 0.2080822867203212, 3.999999999999246]], "peak_params_": [[9.041182488755826, 0.3928751654378875, 1.8933409291632834], [11.466153728352177, 0.4588581318571947, 2.1193900622765396], [18.327634430573454, 0.20753844250947395, 7.999999999998492]], "r_squared_": 0.9940497635323051, "error_": 0.03314922384536757}