{"freq_range": [5.319148936170213, 39.8936170212766], "freq_res": 0.6648936170212769, "aperiodic_params_": [-9.148929362485969, 2.462193961792152], "gaussian_params_": [[11.736772155433657, 0.4882725550704414, 2.102847288187071], [16.930893278219646, 0.14781511553487311, 3.3477546760743455], [23.539031118703807, 0.15256299152548267, 1.1651322036798013]], "peak_params_": [[11.736772155433657, 0.5345900023038812, 4.205694576374142], [16.930893278219646, 0.1800397714115558, 6.695509352148691], [23.539031118703807, 0.17318114736672285, 2.3302644073596026]], "r_squared_": 0.9963040749524403, "error_": 0.031712371346130024}