{"freq_range": [5.319148936170213, 39.8936170212766], "freq_res": 0.6648936170212769, "aperiodic_params_": [-9.755403897987916, 2.0032241601396104], "gaussian_params_": [[10.382684688721445, 0.1687594194584656, 0.7000000000000001], [11.544637795323647, 0.06058960010603751, 0.7000000000593237], [19.76995017352827, 0.06694600150097052, 1.8335247739664844], [36.53866285717465, 0.16969497264491942, 3.9999999999999996]], "peak_params_": [[10.382684688721445, 0.18407898709667947, 1.4000000000000001], [11.544637795323647, 0.1281750867850242, 1.4000000001186474], [19.76995017352827, 0.06666644084243423, 3.667049547932969], [36.53866285717465, 0.16969004413276068, 7.999999999999999]], "r_squared_": 0.9887468994219316, "error_": 0.037371317621341785}