{"freq_range": [5.319148936170213, 39.8936170212766], "freq_res": 0.6648936170212769, "aperiodic_params_": [-13.097681760679098, -0.5393845092654815], "gaussian_params_": [[6.445208337296983, 0.5921825769294733, 1.0894456179353953], [19.660806793640347, 0.33929686147845267, 2.4242429723010472], [24.73000618306889, 0.30533339601837284, 1.7528958503383703]], "peak_params_": [[6.445208337296983, 0.5819185910239906, 2.1788912358707906], [19.660806793640347, 0.34432103330901676, 4.8484859446020945], [24.73000618306889, 0.3470485560597254, 3.5057917006767405]], "r_squared_": 0.9375997375818771, "error_": 0.0364121044137324}