{"freq_range": [5.319148936170213, 39.8936170212766], "freq_res": 0.6648936170212769, "aperiodic_params_": [-9.812277517291536, 1.8483030854242943], "gaussian_params_": [], "peak_params_": [], "r_squared_": 0.9505052797655255, "error_": 0.0871440930346998}