{"freq_range": [5.319148936170213, 39.8936170212766], "freq_res": 0.6648936170212769, "aperiodic_params_": [-9.157733976786664, 2.3807536724268523], "gaussian_params_": [[8.831875312786265, 0.07761211144590338, 0.7000000000000001], [12.015455672917232, 0.572652440365192, 1.9849911223763577]], "peak_params_": [[8.831875312786265, 0.21016220517519102, 1.4000000000000001], [12.015455672917232, 0.5724927955823347, 3.9699822447527153]], "r_squared_": 0.9951146092253337, "error_": 0.03825990614731759}