{"freq_range": [5.319148936170213, 39.8936170212766], "freq_res": 0.6648936170212769, "aperiodic_params_": [-11.595928137449908, 0.19302283268285467], "gaussian_params_": [[7.024237213622703, 0.45451915095657525, 2.1927398383938552], [17.858718782661896, 0.1549971849477912, 0.7000000000000001], [23.198568156552188, 0.17864679098548364, 2.4041015131650387]], "peak_params_": [[7.024237213622703, 0.4505724844713743, 4.3854796767877104], [17.858718782661896, 0.17013937700245307, 1.4000000000000001], [23.198568156552188, 0.1785651083097477, 4.8082030263300775]], "r_squared_": 0.9422894246564956, "error_": 0.034526798869594526}