{"freq_range": [5.319148936170213, 39.8936170212766], "freq_res": 0.6648936170212769, "aperiodic_params_": [-9.933335338333986, 1.6622256215268452], "gaussian_params_": [[8.427829054697444, 0.18799192235243506, 1.0734691865930523], [11.504752487320157, 0.28925459431211875, 0.7416048508473432], [16.047449206778143, 0.18488916577116266, 1.3270829063635923], [32.64742164898657, 0.26003294020513834, 0.7000000000000001], [38.01105588185351, 0.28931356463934177, 2.656671001782713]], "peak_params_": [[8.427829054697444, 0.18440131056083864, 2.1469383731861047], [11.504752487320157, 0.28427805417089047, 1.4832097016946864], [16.047449206778143, 0.18446445836703695, 2.6541658127271845], [32.64742164898657, 0.2946148449410231, 1.4000000000000001], [38.01105588185351, 0.28905603108146494, 5.313342003565426]], "r_squared_": 0.9891562896384205, "error_": 0.030941500229552266}