{"freq_range": [5.319148936170213, 39.8936170212766], "freq_res": 0.6648936170212769, "aperiodic_params_": [-9.893721782124096, 2.0717735460667726], "gaussian_params_": [], "peak_params_": [], "r_squared_": 0.9746061130562884, "error_": 0.06362915223047232}