{"freq_range": [5.319148936170213, 39.8936170212766], "freq_res": 0.6648936170212769, "aperiodic_params_": [-9.190698596678155, 2.3185700259755606], "gaussian_params_": [[11.306964384715606, 0.7256113801437454, 2.2147638718622886]], "peak_params_": [[11.306964384715606, 0.725610327289063, 4.429527743724577]], "r_squared_": 0.9865569076494618, "error_": 0.061663184976092966}