{"freq_range": [5.319148936170213, 39.8936170212766], "freq_res": 0.6648936170212769, "aperiodic_params_": [-8.950447452959052, 2.5470147988181613], "gaussian_params_": [[8.816911792465161, 0.5359744651795109, 0.9192942212815376], [11.407625055512433, 0.3513708000838899, 0.9988309316486015], [15.32826858935472, 0.34577219972020873, 2.834803286102483]], "peak_params_": [[8.816911792465161, 0.5556187966443336, 1.8385884425630752], [11.407625055512433, 0.489470083661141, 1.997661863297203], [15.32826858935472, 0.3459270463747579, 5.669606572204966]], "r_squared_": 0.993113142419955, "error_": 0.04101399623729062}