{"freq_range": [5.319148936170213, 39.8936170212766], "freq_res": 0.6648936170212769, "aperiodic_params_": [-9.161916624586784, 2.4231558262908], "gaussian_params_": [[11.637149435783552, 0.47480430826680875, 2.4393888545071487], [19.883024732900907, 0.13355787424597743, 3.999999999999416]], "peak_params_": [[11.637149435783552, 0.4893112191095419, 4.878777709014297], [19.883024732900907, 0.13497558390320208, 7.999999999998832]], "r_squared_": 0.9933010297695422, "error_": 0.04375618635015918}