{"freq_range": [5.319148936170213, 39.8936170212766], "freq_res": 0.6648936170212769, "aperiodic_params_": [-9.347695001692786, 2.3205847290601755], "gaussian_params_": [[9.030949769278104, 0.45911434002178453, 1.1759155776881773], [15.314106658362865, 0.2989083916729448, 3.3329407813107004]], "peak_params_": [[9.030949769278104, 0.505453763736293, 2.3518311553763547], [15.314106658362865, 0.2989024614246176, 6.665881562621401]], "r_squared_": 0.9912647269283678, "error_": 0.044418856699742076}