{"freq_range": [5.319148936170213, 39.8936170212766], "freq_res": 0.6648936170212769, "aperiodic_params_": [-10.034906201366953, 1.7168540271541173], "gaussian_params_": [[6.3537199192540195, 0.18508686508369102, 0.8609518858523446], [10.20299098924291, 0.26114774748782627, 0.844272478854934], [32.47518910182661, 0.12202528372662905, 0.9498136232991726], [35.25707704547548, 0.12046103668341242, 0.7000000000000001], [38.22882198340566, 0.2379614071397927, 1.7941747730938102]], "peak_params_": [[6.3537199192540195, 0.17455659520572908, 1.7219037717046892], [10.20299098924291, 0.2516952136719386, 1.688544957709868], [32.47518910182661, 0.12304221542915528, 1.8996272465983453], [35.25707704547548, 0.18157190286740565, 1.4000000000000001], [38.22882198340566, 0.23407016676271297, 3.5883495461876205]], "r_squared_": 0.989942136266261, "error_": 0.03124252213768298}