{"freq_range": [5.319148936170213, 39.8936170212766], "freq_res": 0.6648936170212769, "aperiodic_params_": [-10.188082915483747, 1.1340328397765003], "gaussian_params_": [[16.413186926552058, 0.23336710534460467, 1.432525983368257], [35.30314547987241, 0.33341489817552095, 3.9999999999999996]], "peak_params_": [[16.413186926552058, 0.23089909664208186, 2.865051966736514], [35.30314547987241, 0.3333725116428159, 7.999999999999999]], "r_squared_": 0.8965538607044068, "error_": 0.060052635205183204}