{"freq_range": [5.319148936170213, 39.8936170212766], "freq_res": 0.6648936170212769, "aperiodic_params_": [-11.645522328677519, 0.3677315593409859], "gaussian_params_": [[21.048001578122758, 0.24197600109932482, 2.4031479275008327], [25.76704171375434, 0.24827759251356943, 1.4290357594819314], [30.860666051740647, 0.125833693631158, 0.7000000000000001], [35.4806606125004, 0.1481152251171757, 0.7000000000023628]], "peak_params_": [[21.048001578122758, 0.24266540312668994, 4.8062958550016655], [25.76704171375434, 0.2773627446784399, 2.858071518963863], [30.860666051740647, 0.11738830448230608, 1.4000000000000001], [35.4806606125004, 0.13957151691018765, 1.4000000000047257]], "r_squared_": 0.5955899908296066, "error_": 0.06649745156124529}