{"freq_range": [5.319148936170213, 39.8936170212766], "freq_res": 0.6648936170212769, "aperiodic_params_": [-10.96921098192541, 0.843157103677165], "gaussian_params_": [[7.327514755638765, 0.23965235634453977, 1.62717338510988], [21.71424297114619, 0.13884129434326592, 0.700000002365595], [24.19402612951961, 0.21123092471620583, 1.5172281555490204]], "peak_params_": [[7.327514755638765, 0.23964388087120092, 3.25434677021976], [21.71424297114619, 0.20188126823653896, 1.40000000473119], [24.19402612951961, 0.20910316428589226, 3.0344563110980407]], "r_squared_": 0.900805113972751, "error_": 0.06545884386737306}