{"freq_range": [5.319148936170213, 39.8936170212766], "freq_res": 0.6648936170212769, "aperiodic_params_": [-9.63978304893081, 1.9885718077091474], "gaussian_params_": [[7.087375209638291, 0.15436806362493713, 0.7000000000000002], [9.312020192874606, 0.16065921946940606, 1.469630886525459], [15.745745498375966, 0.0810181990774866, 0.7000000000000002], [18.00024727633565, 0.09159519361214542, 1.2579588434450966], [31.50327428284486, 0.09913123280570921, 0.7000000000000001]], "peak_params_": [[7.087375209638291, 0.2102470696087888, 1.4000000000000004], [9.312020192874606, 0.16166398967118134, 2.939261773050918], [15.745745498375966, 0.10190672313575888, 1.4000000000000004], [18.00024727633565, 0.09209215628170675, 2.515917686890193], [31.50327428284486, 0.09285021040044583, 1.4000000000000001]], "r_squared_": 0.9841136282726153, "error_": 0.05216132926065946}