{"freq_range": [5.319148936170213, 39.8936170212766], "freq_res": 0.6648936170212769, "aperiodic_params_": [-9.518478275247363, 2.325984885364556], "gaussian_params_": [[8.894412714959412, 0.2878909588635652, 0.7103264630713871], [11.685263813393858, 0.28463656473452437, 0.9732299748100132], [15.46311868394856, 0.22649208887085456, 1.9496499652768595], [19.24377315539514, 0.10016257893027075, 0.7000000000000001], [23.078755647170684, 0.09849738287044654, 1.8479164066782074]], "peak_params_": [[8.894412714959412, 0.27314810307203885, 1.4206529261427743], [11.685263813393858, 0.3183113801316324, 1.9464599496200263], [15.46311868394856, 0.2259366091431172, 3.899299930553719], [19.24377315539514, 0.14520871674484503, 1.4000000000000001], [23.078755647170684, 0.09803879337163046, 3.695832813356415]], "r_squared_": 0.9964256862233662, "error_": 0.026478819186074195}