{"freq_range": [5.319148936170213, 39.8936170212766], "freq_res": 0.6648936170212769, "aperiodic_params_": [-9.700163700057342, 2.31262131423723], "gaussian_params_": [[8.726103492755092, 0.12691164078714093, 0.7000000000000001], [12.183247475054014, 0.25014113559272416, 0.7740041145943455], [16.099970451804847, 0.14556226952711718, 1.3615317003796703], [19.006920200794383, 0.12119704550894239, 0.7000000000000001], [20.929706176035925, 0.09896624224159209, 0.7000000000000001]], "peak_params_": [[8.726103492755092, 0.12604079750604846, 1.4000000000000001], [12.183247475054014, 0.24211943526096213, 1.548008229188691], [16.099970451804847, 0.1447778278686922, 2.7230634007593406], [19.006920200794383, 0.12787937550693407, 1.4000000000000001], [20.929706176035925, 0.09861797393726945, 1.4000000000000001]], "r_squared_": 0.9948157108988543, "error_": 0.02678087470995113}