{"freq_range": [5.319148936170213, 39.8936170212766], "freq_res": 0.6648936170212769, "aperiodic_params_": [-10.25929852313416, 1.75743850923692], "gaussian_params_": [[6.8978210133845925, 0.13195808102495693, 0.7000000000000001], [8.667873144338351, 0.13828230743079262, 0.7000000000000001], [12.00255290259019, 0.27834814850303624, 0.8626661415250856], [15.55570618722525, 0.15116543547832723, 1.602339668431363], [18.234200460986703, 0.09141466323339532, 0.8731382283822802]], "peak_params_": [[6.8978210133845925, 0.12603523997682586, 1.4000000000000001], [8.667873144338351, 0.1442405759542975, 1.4000000000000001], [12.00255290259019, 0.29045569710987884, 1.7253322830501712], [15.55570618722525, 0.14964736531868716, 3.204679336862726], [18.234200460986703, 0.13616919402609007, 1.7462764567645603]], "r_squared_": 0.9809771118258555, "error_": 0.05318313312226696}