{"freq_range": [5.319148936170213, 39.8936170212766], "freq_res": 0.6648936170212769, "aperiodic_params_": [-10.102182836109545, 1.9221034893696016], "gaussian_params_": [[9.420034224995582, 0.24345546041125574, 1.4141883573228067], [13.372997301361828, 0.14670794464699746, 0.7000000000000001], [19.192957955629304, 0.07680624107639301, 2.4255386299400086]], "peak_params_": [[9.420034224995582, 0.24271864320493286, 2.8283767146456134], [13.372997301361828, 0.1555427021180531, 1.4000000000000001], [19.192957955629304, 0.07675460375709342, 4.851077259880017]], "r_squared_": 0.987684504744436, "error_": 0.04573858002983078}