{"freq_range": [5.319148936170213, 39.8936170212766], "freq_res": 0.6648936170212769, "aperiodic_params_": [-11.90381906440334, 0.8012208433915308], "gaussian_params_": [[6.564252115416701, 0.4271652864394545, 0.9607723300493265], [15.907653713548955, 0.13883473422232795, 0.7000000000000001], [18.093215146097773, 0.15498945274453063, 0.7410771801017816], [23.304641668884358, 0.21179781279233276, 2.570081829134521], [27.777759622006386, 0.1539013049076588, 0.9098121287470872], [31.104832407808974, 0.12183695745678359, 0.7000000000000001]], "peak_params_": [[6.564252115416701, 0.42550919237851303, 1.921544660098653], [15.907653713548955, 0.14447902178874195, 1.4000000000000001], [18.093215146097773, 0.17837144790133408, 1.4821543602035632], [23.304641668884358, 0.21178068981671316, 5.140163658269042], [27.777759622006386, 0.19395771096281322, 1.8196242574941743], [31.104832407808974, 0.12113147025317161, 1.4000000000000001]], "r_squared_": 0.9775428719778142, "error_": 0.030445530923304927}