{"freq_range": [5.319148936170213, 39.8936170212766], "freq_res": 0.6648936170212769, "aperiodic_params_": [-9.667569143884315, 1.9725908546814381], "gaussian_params_": [[11.496798313341541, 0.24580976497962967, 1.1487855626340815]], "peak_params_": [[11.496798313341541, 0.2423435750335976, 2.297571125268163]], "r_squared_": 0.9830147653898551, "error_": 0.048975105665276374}