{"freq_range": [5.319148936170213, 39.8936170212766], "freq_res": 0.6648936170212769, "aperiodic_params_": [-9.12621453467227, 2.4599521566504308], "gaussian_params_": [[9.019540435843542, 0.22804836029448983, 0.7500000000000001], [11.51054763298738, 0.45779266024039544, 1.3749795240996667], [14.470008731076426, 0.2657158826172741, 1.9999999999999998], [19.6106000748321, 0.10038144530331083, 1.5623418426666977], [23.421306055730224, 0.1608652343861883, 1.1312862492119595], [32.490171881773996, 0.07840227873963115, 0.7500000000000001]], "peak_params_": [[9.019540435843542, 0.3482209228537929, 1.5000000000000002], [11.51054763298738, 0.5306845706361365, 2.7499590481993335], [14.470008731076426, 0.3005601335341179, 3.9999999999999996], [19.6106000748321, 0.11308768165810434, 3.1246836853333955], [23.421306055730224, 0.16592279054413162, 2.262572498423919], [32.490171881773996, 0.07784459010600031, 1.5000000000000002]], "r_squared_": 0.9975406095758367, "error_": 0.025321429418011986}