{"freq_range": [5.319148936170213, 39.8936170212766], "freq_res": 0.6648936170212769, "aperiodic_params_": [-9.360686269965163, 2.41011833514453], "gaussian_params_": [[8.953216731295619, 0.41481286597021444, 0.9728217076962117], [11.660968855548695, 0.2608929368845608, 0.7000000000000001], [16.545071402164368, 0.22087496427166906, 3.397151125114441]], "peak_params_": [[8.953216731295619, 0.40912450707917003, 1.9456434153924234], [11.660968855548695, 0.32948024341448523, 1.4000000000000001], [16.545071402164368, 0.22081783727208304, 6.794302250228882]], "r_squared_": 0.9925426579678087, "error_": 0.03748303595686134}