{"freq_range": [5.319148936170213, 39.8936170212766], "freq_res": 0.6648936170212769, "aperiodic_params_": [-12.157983003907136, 0.061290534971947086], "gaussian_params_": [[6.697295485831835, 0.5823710150687169, 1.7500423759808896], [21.338595447240632, 0.4178115044892744, 2.597661625134873], [39.33137998861876, 0.172419532094864, 2.260707360961999]], "peak_params_": [[6.697295485831835, 0.5821487571937336, 3.5000847519617793], [21.338595447240632, 0.41769251664268303, 5.195323250269746], [39.33137998861876, 0.17224186071261194, 4.521414721923998]], "r_squared_": 0.928906401372101, "error_": 0.044795841102919384}