{"freq_range": [5.319148936170213, 39.8936170212766], "freq_res": 0.6648936170212769, "aperiodic_params_": [-10.076566304538556, 1.6431495989599598], "gaussian_params_": [[7.737381677290887, 0.21872038914899936, 1.4276499445842568], [9.84815131541447, 0.151273183406178, 0.7000000000000001], [24.66861409495209, 0.11666382686752985, 0.7000000000000001], [39.346497364772524, 0.18684796333871764, 2.698684227251623]], "peak_params_": [[7.737381677290887, 0.219893334901057, 2.8552998891685135], [9.84815131541447, 0.21302324915005322, 1.4000000000000001], [24.66861409495209, 0.11612194537608289, 1.4000000000000001], [39.346497364772524, 0.18667011655224108, 5.397368454503246]], "r_squared_": 0.988909771742085, "error_": 0.03343417307499421}