{"freq_range": [5.319148936170213, 39.8936170212766], "freq_res": 0.6648936170212769, "aperiodic_params_": [-9.421740514446467, 2.0409425556011427], "gaussian_params_": [[11.093349464607675, 0.29019671014941406, 1.6358776200522134], [32.39912317110837, 0.13272218211823916, 1.4635033419899406], [34.42241617325695, 0.14045197263737003, 0.7000000000004077], [38.178823430986235, 0.24551612822419033, 1.9698099854093165]], "peak_params_": [[11.093349464607675, 0.28781899125400834, 3.2717552401044268], [32.39912317110837, 0.1404307900943138, 2.927006683979881], [34.42241617325695, 0.2271795513759276, 1.4000000000008155], [38.178823430986235, 0.2431646778944998, 3.939619970818633]], "r_squared_": 0.9921912456237373, "error_": 0.03411729476048336}