{"freq_range": [5.319148936170213, 39.8936170212766], "freq_res": 0.6648936170212769, "aperiodic_params_": [-9.148172891802643, 2.3620092992972266], "gaussian_params_": [[37.63096210754781, 0.13604650717688785, 1.7531773184338657]], "peak_params_": [[37.63096210754781, 0.13446650724513276, 3.5063546368677314]], "r_squared_": 0.9864333114500535, "error_": 0.05006612623648543}