{"freq_range": [5.319148936170213, 39.8936170212766], "freq_res": 0.6648936170212769, "aperiodic_params_": [-10.087842181535837, 1.8944851476621023], "gaussian_params_": [[8.026942186341822, 0.19767903095254663, 1.0253945966025306], [12.341119975499572, 0.4036005714727724, 1.189209542110308], [16.419683114390676, 0.20166161284878098, 1.3608820846043879]], "peak_params_": [[8.026942186341822, 0.19794353556615008, 2.0507891932050613], [12.341119975499572, 0.39583616999697213, 2.378419084220616], [16.419683114390676, 0.20005686096162556, 2.7217641692087757]], "r_squared_": 0.9874379012805836, "error_": 0.045694344692980476}