{"freq_range": [5.319148936170213, 39.8936170212766], "freq_res": 0.6648936170212769, "aperiodic_params_": [-9.918153059752711, 2.1138271530935873], "gaussian_params_": [[6.667139774061167, 0.13944223273015238, 0.7000000000000001], [12.272352531983776, 0.31027126675934613, 0.709655678019951], [17.262689056631555, 0.1498781447249843, 2.703817117055384]], "peak_params_": [[6.667139774061167, 0.1394626441110205, 1.4000000000000001], [12.272352531983776, 0.30505746563866687, 1.419311356039902], [17.262689056631555, 0.14987196925519797, 5.407634234110768]], "r_squared_": 0.9963499789556723, "error_": 0.025933944442795037}