{"freq_range": [5.319148936170213, 39.8936170212766], "freq_res": 0.6648936170212769, "aperiodic_params_": [-10.653388629048404, 1.9155116954213982], "gaussian_params_": [[6.50443035317319, 0.3789283481544737, 0.7000000000000001], [8.51314281973033, 0.20121129298476342, 0.7000000000000001], [17.01948105584992, 0.15248863024729825, 0.7846332617005373], [29.326302287220578, 0.13291275963917032, 1.1064904444463715], [34.75505112645703, 0.10151833162291293, 3.776197008483663]], "peak_params_": [[6.50443035317319, 0.3767413064961058, 1.4000000000000001], [8.51314281973033, 0.20129940712707572, 1.4000000000000001], [17.01948105584992, 0.14386588872769224, 1.5692665234010745], [29.326302287220578, 0.16779073791336252, 2.212980888892743], [34.75505112645703, 0.10140404915345869, 7.552394016967326]], "r_squared_": 0.9942078624025106, "error_": 0.02984797216423317}