{"freq_range": [5.319148936170213, 39.8936170212766], "freq_res": 0.6648936170212769, "aperiodic_params_": [-9.203057256499283, 2.307566685934035], "gaussian_params_": [[11.382018187976557, 0.8129820099511207, 2.2514413082655835]], "peak_params_": [[11.382018187976557, 0.8124838792936799, 4.502882616531167]], "r_squared_": 0.9830453546746574, "error_": 0.07498798178478885}