{"freq_range": [5.319148936170213, 39.8936170212766], "freq_res": 0.6648936170212769, "aperiodic_params_": [-10.19403264113543, 1.8328535029006205], "gaussian_params_": [[10.756943179030076, 0.20931180255792006, 0.870873521657066], [32.44818530181106, 0.11641798302555313, 1.3383399664484787], [34.65539908788405, 0.170680213753271, 0.7000000003295499], [38.71501542122739, 0.2626373935489195, 1.9175652230938514]], "peak_params_": [[10.756943179030076, 0.2073783164860945, 1.741747043314132], [32.44818530181106, 0.11953231899810035, 2.6766799328969575], [34.65539908788405, 0.22801990751898238, 1.4000000006590998], [38.71501542122739, 0.2618257966895996, 3.8351304461877027]], "r_squared_": 0.9836100965388372, "error_": 0.04110433416089762}