{"freq_range": [5.319148936170213, 39.8936170212766], "freq_res": 0.6648936170212769, "aperiodic_params_": [-9.155639754454102, 2.322916646132277], "gaussian_params_": [[8.591303725018701, 0.27685924367780096, 0.9463627719115069], [11.426236101827124, 0.3111371568236464, 1.2666981009427731], [15.80489446741569, 0.23446930318123074, 0.9566626037905471]], "peak_params_": [[8.591303725018701, 0.30430176644329165, 1.8927255438230137], [11.426236101827124, 0.3142380937004674, 2.5333962018855463], [15.80489446741569, 0.23202502276430437, 1.9133252075810943]], "r_squared_": 0.9947296015931004, "error_": 0.031578004334621115}