{"freq_range": [5.319148936170213, 39.8936170212766], "freq_res": 0.6648936170212769, "aperiodic_params_": [-10.078092334982413, 1.6548632047337173], "gaussian_params_": [[7.5946829001341, 0.20011115054924697, 0.9337715065488157], [10.154051204955454, 0.24167760507725333, 0.7000000000000001], [13.053351507693515, 0.13017675503922968, 0.7000000000000001], [17.560585732086743, 0.13916661234074768, 0.7000000000000001], [26.35309861220083, 0.11209796085882492, 0.7000000000000001]], "peak_params_": [[7.5946829001341, 0.1913256692245966, 1.8675430130976314], [10.154051204955454, 0.24157087090759255, 1.4000000000000001], [13.053351507693515, 0.12248208967684349, 1.4000000000000001], [17.560585732086743, 0.12895013886559958, 1.4000000000000001], [26.35309861220083, 0.1055615770256022, 1.4000000000000001]], "r_squared_": 0.9874524714719664, "error_": 0.04085870064023144}