{"freq_range": [5.319148936170213, 39.8936170212766], "freq_res": 0.6648936170212769, "aperiodic_params_": [-9.016570576412843, 2.5331939366559637], "gaussian_params_": [[10.568937840841766, 0.5903881620536581, 1.8043229586919312], [15.938961440954197, 0.26258465391998104, 1.9999999999999998], [19.38441883736303, 0.13027989497196013, 0.7500000000000001], [23.06761696056322, 0.10102313118482673, 1.9999999999623164]], "peak_params_": [[10.568937840841766, 0.5977858843647397, 3.6086459173838623], [15.938961440954197, 0.26958943297328375, 3.9999999999999996], [19.38441883736303, 0.21086892609283225, 1.5000000000000002], [23.06761696056322, 0.1008176139589203, 3.9999999999246327]], "r_squared_": 0.9926448544210976, "error_": 0.040985441768173536}