{"freq_range": [5.319148936170213, 39.8936170212766], "freq_res": 0.6648936170212769, "aperiodic_params_": [-10.319242463355215, 1.5246458210620228], "gaussian_params_": [[11.061378210505653, 0.11488952568684199, 1.0356923790376658], [21.2188380253095, 0.09126358337388239, 1.6160300736641522], [29.814893619126487, 6.328819932947836e-12, 0.7000000000000001], [36.00957426322952, 0.19660249060610063, 3.538045560324894]], "peak_params_": [[11.061378210505653, 0.11180034100235403, 2.0713847580753315], [21.2188380253095, 0.09123905782130848, 3.2320601473283044], [29.814893619126487, 0.044704630504066145, 1.4000000000000001], [36.00957426322952, 0.19651540448129445, 7.076091120649788]], "r_squared_": 0.9487225171508292, "error_": 0.05335618114477503}