{"freq_range": [5.319148936170213, 39.8936170212766], "freq_res": 0.6648936170212769, "aperiodic_params_": [-9.329734525427256, 2.295590800828697], "gaussian_params_": [[11.101508605421857, 0.256164999599133, 1.0577498149367985], [14.941672898121356, 0.07396415228433514, 0.7000000000000001], [18.195109488210843, 0.048176853643556596, 0.7000000000000001], [36.63293271391496, 0.10500864882576107, 3.9999999999999996]], "peak_params_": [[11.101508605421857, 0.2515506425401721, 2.115499629873597], [14.941672898121356, 0.06787373143278153, 1.4000000000000001], [18.195109488210843, 0.045369186882824764, 1.4000000000000001], [36.63293271391496, 0.1049952992347496, 7.999999999999999]], "r_squared_": 0.9947218278752646, "error_": 0.03192716912523172}