{"freq_range": [5.319148936170213, 39.8936170212766], "freq_res": 0.6648936170212769, "aperiodic_params_": [-9.8593986696512, 2.144221165047893], "gaussian_params_": [[8.788361110700276, 0.228626724250706, 0.7000000000000001], [11.930109117305289, 0.16215234581650537, 0.8775558777112098], [16.798708309492454, 0.17695549441581773, 2.3031378907780606]], "peak_params_": [[8.788361110700276, 0.2242721442004303, 1.4000000000000001], [11.930109117305289, 0.1816239388087979, 1.7551117554224196], [16.798708309492454, 0.17643751502381555, 4.606275781556121]], "r_squared_": 0.993056950600615, "error_": 0.03522302750957633}