{"freq_range": [5.319148936170213, 39.8936170212766], "freq_res": 0.6648936170212769, "aperiodic_params_": [-9.680450488312161, 2.224310008146525], "gaussian_params_": [[9.013865810753126, 0.4527846595280583, 0.735478317656422], [12.126444665946131, 0.2546225157228672, 0.9201272378741653], [16.348730119621575, 0.2065837368566111, 2.3440523366312], [38.68748985221721, 0.09699915669730669, 0.7000000000000001]], "peak_params_": [[9.013865810753126, 0.42248120088293994, 1.470956635312844], [12.126444665946131, 0.28705432116453977, 1.8402544757483306], [16.348730119621575, 0.20518285373925416, 4.6881046732624], [38.68748985221721, 0.09549734014008493, 1.4000000000000001]], "r_squared_": 0.992195596035442, "error_": 0.03834366214325865}