{"freq_range": [5.319148936170213, 39.8936170212766], "freq_res": 0.6648936170212769, "aperiodic_params_": [-9.745283996827135, 1.8534304664157486], "gaussian_params_": [[10.590476070702863, 0.2701310700401176, 2.6782554706520916], [32.998462848880784, 0.1082245468697072, 0.7000000000000001], [39.0156573086881, 0.20086387770943206, 2.8762384581154024]], "peak_params_": [[10.590476070702863, 0.27008801164941865, 5.356510941304183], [32.998462848880784, 0.12856855636935371, 1.4000000000000001], [39.0156573086881, 0.20031350727408181, 5.752476916230805]], "r_squared_": 0.985855381188646, "error_": 0.04394206811285424}