{"freq_range": [5.319148936170213, 39.8936170212766], "freq_res": 0.6648936170212769, "aperiodic_params_": [-9.49192730060336, 2.182204300633502], "gaussian_params_": [[8.933034318683927, 0.5535532283628568, 0.8058574040403356], [11.830355470512346, 0.3122059004211357, 2.0357526815675744], [16.636079870676152, 0.19788270311856573, 3.855359507794717]], "peak_params_": [[8.933034318683927, 0.6337508355662766, 1.6117148080806711], [11.830355470512346, 0.40702875822251805, 4.071505363135149], [16.636079870676152, 0.2174360241845097, 7.710719015589434]], "r_squared_": 0.9931319812256604, "error_": 0.04178437480373648}