{"freq_range": [5.319148936170213, 39.8936170212766], "freq_res": 0.6648936170212769, "aperiodic_params_": [-10.17522676974351, 1.847790265933557], "gaussian_params_": [[9.819100941555897, 0.25578935816934467, 2.0066091816416645], [13.286750390230994, 0.14432510936376444, 0.7000000000000001], [26.25942711855759, 0.053107647342769425, 0.7000000000000001], [39.796643556811865, 0.17556382084317287, 2.2569159360964295]], "peak_params_": [[9.819100941555897, 0.25503617314427274, 4.013218363283329], [13.286750390230994, 0.20122261223638382, 1.4000000000000001], [26.25942711855759, 0.04756776969722587, 1.4000000000000001], [39.796643556811865, 0.1754018340329786, 4.513831872192859]], "r_squared_": 0.9928798128167948, "error_": 0.033826072028183274}