{"freq_range": [5.319148936170213, 39.8936170212766], "freq_res": 0.6648936170212769, "aperiodic_params_": [-9.509076172346804, 2.0704918359723172], "gaussian_params_": [[10.89582572952273, 0.22463356341725618, 2.842688094736776], [18.03378271159945, 0.10560418516968731, 0.7000000000000001], [36.0095744680851, 0.10916448186088828, 3.99999999999998]], "peak_params_": [[10.89582572952273, 0.22371365669421017, 5.685376189473552], [18.03378271159945, 0.1152077935681195, 1.4000000000000001], [36.0095744680851, 0.10912664885969292, 7.99999999999996]], "r_squared_": 0.987962163136501, "error_": 0.04390548696253164}