{"freq_range": [5.319148936170213, 39.8936170212766], "freq_res": 0.6648936170212769, "aperiodic_params_": [-9.14861845944973, 2.3663568256406817], "gaussian_params_": [[11.52143771995246, 0.7200527342162637, 2.3907857924255254]], "peak_params_": [[11.52143771995246, 0.7170588015664325, 4.781571584851051]], "r_squared_": 0.9841045225474698, "error_": 0.07321597221854849}