{"freq_range": [5.319148936170213, 39.8936170212766], "freq_res": 0.6648936170212769, "aperiodic_params_": [-9.89857176376662, 1.8745389201060556], "gaussian_params_": [[8.538297872340427, 0.23955279988877443, 2.019926478050681], [38.79818964053092, 0.12352236811350008, 3.9999999999999996]], "peak_params_": [[8.538297872340427, 0.2392273982920905, 4.039852956101362], [38.79818964053092, 0.12331053716572349, 7.999999999999999]], "r_squared_": 0.9858152580376912, "error_": 0.04669799217155473}