{"freq_range": [5.319148936170213, 39.8936170212766], "freq_res": 0.6648936170212769, "aperiodic_params_": [-9.299444512482363, 2.1526754853767844], "gaussian_params_": [[8.872105069018922, 0.29166764413833907, 1.0548370707074188], [12.20888843890024, 0.29959342011396334, 2.5019379410787446], [38.23362358768533, 0.13498325668875621, 0.7290882561904387]], "peak_params_": [[8.872105069018922, 0.39344363818455186, 2.1096741414148377], [12.20888843890024, 0.3021380954354811, 5.003875882157489], [38.23362358768533, 0.12182556409989154, 1.4581765123808774]], "r_squared_": 0.9953918376942731, "error_": 0.03275747702954725}