{"freq_range": [5.319148936170213, 39.8936170212766], "freq_res": 0.6648936170212769, "aperiodic_params_": [-11.453168347654753, 1.2782240890660213], "gaussian_params_": [[6.680030627231552, 0.493308959877829, 0.7836793764930884], [17.619843373478524, 0.16059111364587172, 1.9221894443671437], [23.889867132944904, 0.12862852578407735, 0.8029343305933397]], "peak_params_": [[6.680030627231552, 0.4929208166201935, 1.5673587529861768], [17.619843373478524, 0.1582094619019596, 3.8443788887342873], [23.889867132944904, 0.12914093227435508, 1.6058686611866795]], "r_squared_": 0.9911805873415587, "error_": 0.02922713883365758}