{"freq_range": [5.319148936170213, 39.8936170212766], "freq_res": 0.6648936170212769, "aperiodic_params_": [-9.753604381903658, 1.9730038367714022], "gaussian_params_": [[11.567968803356694, 0.43291754693872386, 2.736796233956139]], "peak_params_": [[11.567968803356694, 0.4308962228297464, 5.473592467912278]], "r_squared_": 0.9885266590029962, "error_": 0.04889098965618543}