{"freq_range": [5.319148936170213, 39.8936170212766], "freq_res": 0.6648936170212769, "aperiodic_params_": [-9.880834436609662, 2.0533949250785777], "gaussian_params_": [[8.713666203663408, 0.36012563503782113, 0.8709344334423074], [12.548601420400573, 0.33288686545341745, 0.8105984199436854], [16.45556627862916, 0.18623663536233337, 2.4753115092055467], [38.64342899365734, 0.0835690191458967, 0.7000000000000001]], "peak_params_": [[8.713666203663408, 0.36024594128325127, 1.7418688668846147], [12.548601420400573, 0.38762353698660945, 1.6211968398873708], [16.45556627862916, 0.18581550528787893, 4.950623018411093], [38.64342899365734, 0.08303045984478352, 1.4000000000000001]], "r_squared_": 0.9927694037602722, "error_": 0.036565050108603774}