{"freq_range": [5.319148936170213, 39.8936170212766], "freq_res": 0.6648936170212769, "aperiodic_params_": [-9.692470204090958, 2.265674494919197], "gaussian_params_": [[9.003742439371836, 0.24959734533861946, 0.9851111949659513], [11.835589224144446, 0.344815824249057, 0.9958569073101337], [15.846990147547617, 0.22404637999330998, 2.5294872234572994], [25.62558886502476, 0.15341439186161182, 0.8013146732462972], [29.156533995392646, 0.11126281493573416, 0.7000000000000001]], "peak_params_": [[9.003742439371836, 0.25964799284409423, 1.9702223899319027], [11.835589224144446, 0.4136113720469563, 1.9917138146202673], [15.846990147547617, 0.2238985680579546, 5.058974446914599], [25.62558886502476, 0.1427586488736825, 1.6026293464925945], [29.156533995392646, 0.11016594768784138, 1.4000000000000001]], "r_squared_": 0.9936638030197756, "error_": 0.03525460420144351}