{"freq_range": [5.319148936170213, 39.8936170212766], "freq_res": 0.6648936170212769, "aperiodic_params_": [-11.174706771185601, 0.963158609742718], "gaussian_params_": [[18.614993087026924, 0.18459268508853188, 0.788180623324795], [22.350215310058385, 0.20289169551268, 1.824700881170325], [31.799342086760987, 0.13636479505690557, 1.7247584598187253], [34.676252803096226, 0.11842371812574028, 0.7000000000195482], [37.73617569266974, 0.19319861264486524, 1.3518726691238878]], "peak_params_": [[18.614993087026924, 0.20961458203814054, 1.57636124664959], [22.350215310058385, 0.20090270624200812, 3.64940176234065], [31.799342086760987, 0.1361269714294462, 3.4495169196374507], [34.676252803096226, 0.1670883349807415, 1.4000000000390964], [37.73617569266974, 0.19206875498371012, 2.7037453382477756]], "r_squared_": 0.8196760342484448, "error_": 0.06843477524883933}