{"freq_range": [5.319148936170213, 39.8936170212766], "freq_res": 0.6648936170212769, "aperiodic_params_": [-9.468413543613602, 2.2414805099385973], "gaussian_params_": [[10.95768121992327, 0.6791675075658323, 1.8660968028839005], [17.612227805573106, 0.15718820702495143, 3.999999999999963]], "peak_params_": [[10.95768121992327, 0.7036762972500483, 3.732193605767801], [17.612227805573106, 0.1588267365901519, 7.999999999999926]], "r_squared_": 0.9903586630891698, "error_": 0.05084339844682879}