{"freq_range": [5.319148936170213, 39.8936170212766], "freq_res": 0.6648936170212769, "aperiodic_params_": [-9.630357951466761, 2.347053279813625], "gaussian_params_": [[6.8838784952805145, 0.14685263920147257, 0.7000000000000001], [8.846448017120954, 0.28247594582763325, 0.7824970390861634], [11.676945911282592, 0.23118072094502218, 0.8222866868166153], [16.996486635534332, 0.19293903137108134, 2.5260243177699597]], "peak_params_": [[6.8838784952805145, 0.14432889345723865, 1.4000000000000001], [8.846448017120954, 0.28044616519655285, 1.5649940781723268], [11.676945911282592, 0.2438378958303229, 1.6445733736332306], [16.996486635534332, 0.1916652082485335, 5.0520486355399195]], "r_squared_": 0.99510041233958, "error_": 0.03157001001460012}