{"freq_range": [5.319148936170213, 39.8936170212766], "freq_res": 0.6648936170212769, "aperiodic_params_": [-9.431407836182492, 2.3204753363105013], "gaussian_params_": [[8.952295244379414, 0.22980262129867482, 0.7000000000000001], [12.04915201793779, 0.4435480751123953, 1.3857057730982107], [18.19636385648297, 0.13605676654510107, 3.633652317541358]], "peak_params_": [[8.952295244379414, 0.23445292299698828, 1.4000000000000001], [12.04915201793779, 0.47412559653697706, 2.7714115461964215], [18.19636385648297, 0.13580063475711412, 7.267304635082716]], "r_squared_": 0.9956882738076328, "error_": 0.03234945617373767}