{"freq_range": [5.319148936170213, 39.8936170212766], "freq_res": 0.6648936170212769, "aperiodic_params_": [-9.370240270855069, 2.1204943882773857], "gaussian_params_": [[8.620522447611908, 0.2770789264646602, 0.7447433434257242], [11.156137016755276, 0.46721653228698407, 1.3810144344155697], [15.163254364424812, 0.1813711900411096, 1.7809261688433622], [33.011578771736104, 0.16656077781568102, 0.7000000000000001], [38.00425531802111, 0.1135788404428173, 3.250148065205744]], "peak_params_": [[8.620522447611908, 0.3664520108921714, 1.4894866868514485], [11.156137016755276, 0.4823129885992614, 2.7620288688311394], [15.163254364424812, 0.18615931830588295, 3.5618523376867244], [33.011578771736104, 0.19644766433900607, 1.4000000000000001], [38.00425531802111, 0.11351922458725028, 6.500296130411488]], "r_squared_": 0.9939707231722007, "error_": 0.03490946731220018}