{"freq_range": [5.319148936170213, 39.8936170212766], "freq_res": 0.6648936170212769, "aperiodic_params_": [-12.087320071127994, -0.13522137764413444], "gaussian_params_": [[20.48674921003861, 0.3584413047893598, 3.3862488545236746]], "peak_params_": [[20.48674921003861, 0.3581973578987938, 6.772497709047349]], "r_squared_": 0.39411005618776845, "error_": 0.09058640910343056}