{"freq_range": [5.319148936170213, 39.8936170212766], "freq_res": 0.6648936170212769, "aperiodic_params_": [-10.173974530619342, 1.8720297630431633], "gaussian_params_": [[8.538297872401857, 0.21235047623375217, 2.6631818410080257], [37.53436433444919, 0.15537906571298563, 2.8206229420563815]], "peak_params_": [[8.538297872401857, 0.21218449213124835, 5.326363682016051], [37.53436433444919, 0.15450082042596236, 5.641245884112763]], "r_squared_": 0.9853332819432461, "error_": 0.04424835584035802}