{"freq_range": [5.319148936170213, 39.8936170212766], "freq_res": 0.6648936170212769, "aperiodic_params_": [-10.508070215829882, 1.0664915464175229], "gaussian_params_": [[29.53987413994558, 0.0711475324472252, 1.079805344025318], [35.133641182241554, 0.21757330205976907, 3.772346750666816]], "peak_params_": [[29.53987413994558, 0.13333397705359573, 2.159610688050636], [35.133641182241554, 0.21748794037059405, 7.544693501333632]], "r_squared_": 0.9106498469381522, "error_": 0.05067570411078034}