{"freq_range": [5.319148936170213, 39.8936170212766], "freq_res": 0.6648936170212769, "aperiodic_params_": [-9.310209341309116, 2.241340225753293], "gaussian_params_": [[7.6566621821285334, 0.13077301741392922, 0.9715329116454495], [10.48355439546231, 0.30523916407199353, 1.790276324944621], [16.482734536893958, 0.18450103431325554, 1.6588033992039717], [36.78575817942395, 0.1661842563213004, 0.7225215857330989]], "peak_params_": [[7.6566621821285334, 0.23848090236460529, 1.943065823290899], [10.48355439546231, 0.30565126879529814, 3.580552649889242], [16.482734536893958, 0.1847028098122614, 3.3176067984079434], [36.78575817942395, 0.15888143982923175, 1.4450431714661978]], "r_squared_": 0.9926728221913435, "error_": 0.038553176669257117}