{"freq_range": [5.319148936170213, 39.8936170212766], "freq_res": 0.6648936170212769, "aperiodic_params_": [-9.62807290844428, 1.9583542165012038], "gaussian_params_": [[6.920114772527033, 0.2501161085885164, 0.8313656916225596], [9.984746729989505, 0.323525384306814, 1.2569603576604051], [15.758987863851562, 0.15167008904378623, 0.7000000000000001], [32.47446810535424, 0.08036407717815067, 2.1559558596010233], [37.71846385088417, 0.2045869975606634, 1.6212292182158714]], "peak_params_": [[6.920114772527033, 0.24671978456577648, 1.6627313832451192], [9.984746729989505, 0.32380681161439107, 2.5139207153208103], [15.758987863851562, 0.1456994176944768, 1.4000000000000001], [32.47446810535424, 0.08161507829544057, 4.311911719202047], [37.71846385088417, 0.20671505907587218, 3.242458436431743]], "r_squared_": 0.9951734182305221, "error_": 0.0295073047796838}