{"freq_range": [5.319148936170213, 39.8936170212766], "freq_res": 0.6648936170212769, "aperiodic_params_": [-9.490398966665618, 2.0649303312638647], "gaussian_params_": [[6.627677542692695, 0.10165719038854937, 0.7000000000000001], [10.495516625337928, 0.2759837983042135, 0.8958204612327364], [34.88434335382416, 0.08679238767921761, 0.7000000000000001], [38.83947007981115, 0.26024337895124044, 1.5369367617813494]], "peak_params_": [[6.627677542692695, 0.10163768572765086, 1.4000000000000001], [10.495516625337928, 0.2725004431193714, 1.7916409224654728], [34.88434335382416, 0.08422776910154006, 1.4000000000000001], [38.83947007981115, 0.25609167375389674, 3.073873523562699]], "r_squared_": 0.9949313156581898, "error_": 0.02705269325300497}