{"freq_range": [5.319148936170213, 39.8936170212766], "freq_res": 0.6648936170212769, "aperiodic_params_": [-12.814067372843645, -0.370688593644444], "gaussian_params_": [[18.124502109289303, 0.38041742859316346, 1.6677048698712502], [23.142813825505943, 0.28278877637268907, 2.1807449832801122]], "peak_params_": [[18.124502109289303, 0.39503295685680406, 3.3354097397425004], [23.142813825505943, 0.28555009690739475, 4.3614899665602245]], "r_squared_": 0.5612773623184185, "error_": 0.08457060399688404}