{"freq_range": [5.319148936170213, 39.8936170212766], "freq_res": 0.6648936170212769, "aperiodic_params_": [-9.577004678835017, 2.0682663674159727], "gaussian_params_": [[8.881164563774123, 0.4203497331430709, 0.934481288392873], [13.995354753956471, 0.3064117130546023, 3.700119163035598]], "peak_params_": [[8.881164563774123, 0.5146411936398643, 1.868962576785746], [13.995354753956471, 0.3063999881758619, 7.400238326071196]], "r_squared_": 0.9928747753875712, "error_": 0.0383474938587374}