{"freq_range": [5.319148936170213, 39.8936170212766], "freq_res": 0.6648936170212769, "aperiodic_params_": [-9.008876953878914, 2.555720434484555], "gaussian_params_": [[10.483569632551342, 0.5315508000241562, 1.7470197158579421], [15.726614210300191, 0.23020396739950516, 2.8521688908775897], [22.67016674269641, 0.08351561667127905, 3.999999999999994]], "peak_params_": [[10.483569632551342, 0.577256750256252, 3.4940394317158843], [15.726614210300191, 0.25380297177900424, 5.7043377817551795], [22.67016674269641, 0.09605610048057578, 7.999999999999988]], "r_squared_": 0.9927691390290472, "error_": 0.04095296657156368}