{"freq_range": [5.319148936170213, 39.8936170212766], "freq_res": 0.6648936170212769, "aperiodic_params_": [-10.576313622525033, 1.9462898250688478], "gaussian_params_": [[6.995510658189043, 0.23170381873724377, 0.8700579355534978], [15.952544522377229, 0.148506732544904, 0.7000000000000001], [17.217741688171873, 0.1132870844578182, 0.7000000000000001], [31.459079484363734, 0.19167039999857965, 3.9269785763948306], [39.35605754074907, 0.12650444116850856, 0.7269898306788068]], "peak_params_": [[6.995510658189043, 0.21670419366057736, 1.7401158711069955], [15.952544522377229, 0.1709846854018391, 1.4000000000000001], [17.217741688171873, 0.13713106014447085, 1.4000000000000001], [31.459079484363734, 0.19139892921660717, 7.853957152789661], [39.35605754074907, 0.15165042514246352, 1.4539796613576137]], "r_squared_": 0.9921049056855727, "error_": 0.03057526323574999}