{"freq_range": [5.319148936170213, 39.8936170212766], "freq_res": 0.6648936170212769, "aperiodic_params_": [-11.021183273424898, 1.6846302131225277], "gaussian_params_": [[6.40324803832944, 0.37790132791831454, 1.3546544807120482], [17.551607842958365, 0.11676411546223371, 1.4602470881176506], [29.17118089040636, 0.08303168591731568, 0.7000000000000001], [32.196064777811415, 0.2110086872021574, 1.0048739901245916], [37.15641826224766, 0.06465558731700134, 1.9118690665847793]], "peak_params_": [[6.40324803832944, 0.3717368937141572, 2.7093089614240964], [17.551607842958365, 0.11486605715703924, 2.920494176235301], [29.17118089040636, 0.08536134952020014, 1.4000000000000001], [32.196064777811415, 0.2044546865275123, 2.009747980249183], [37.15641826224766, 0.06460305293432356, 3.8237381331695586]], "r_squared_": 0.996021823012513, "error_": 0.021641207844176}