{"freq_range": [5.319148936170213, 39.8936170212766], "freq_res": 0.6648936170212769, "aperiodic_params_": [-9.892421886853635, 2.064778424567641], "gaussian_params_": [[7.179469859218318, 0.18004419776502603, 0.7000000000000001], [9.089993777483231, 0.29079841104474363, 0.7679464261001702], [12.454997325407959, 0.23665298101618693, 1.3096433561518657], [15.727786714525912, 0.30764936107488783, 0.8281554772117447], [18.45560997924105, 0.16640647748666282, 0.8999453062491303]], "peak_params_": [[7.179469859218318, 0.1969086700770326, 1.4000000000000001], [9.089993777483231, 0.2942288009870513, 1.5358928522003403], [12.454997325407959, 0.2347700934158219, 2.6192867123037313], [15.727786714525912, 0.3061980678047185, 1.6563109544234893], [18.45560997924105, 0.16445496576375795, 1.7998906124982605]], "r_squared_": 0.9946140512501297, "error_": 0.030635673788906553}