{"freq_range": [5.319148936170213, 39.8936170212766], "freq_res": 0.6648936170212769, "aperiodic_params_": [-9.612908412268643, 2.120752312685408], "gaussian_params_": [[8.927751618447253, 0.38162387267688647, 0.9097630047411757], [11.559689749273408, 0.21628397183356352, 0.78505467179022], [15.24845321943273, 0.2402439421727528, 2.8513920610228762], [37.964445932983544, 0.09412462744920758, 2.696022967189782]], "peak_params_": [[8.927751618447253, 0.38010316759041807, 1.8195260094823513], [11.559689749273408, 0.3099114999797852, 1.57010934358044], [15.24845321943273, 0.2402178744585406, 5.7027841220457525], [37.964445932983544, 0.0940968447747732, 5.392045934379564]], "r_squared_": 0.9927621060014493, "error_": 0.035667506799275564}