{"freq_range": [5.319148936170213, 39.8936170212766], "freq_res": 0.6648936170212769, "aperiodic_params_": [-11.598120687506727, 0.37746337043252914], "gaussian_params_": [[8.538297872340427, 0.06551940161706939, 1.7590290612589612], [11.637216118027805, 0.2055979250563358, 0.700000001135252], [21.61665467263479, 0.16962941449911176, 1.84934032350102], [27.319050810997545, 0.22931366423343755, 3.5745142594380552]], "peak_params_": [[8.538297872340427, 0.06542429832675545, 3.5180581225179224], [11.637216118027805, 0.19368099504576008, 1.400000002270504], [21.61665467263479, 0.24098760522829465, 3.69868064700204], [27.319050810997545, 0.23089363604327495, 7.1490285188761105]], "r_squared_": 0.9033305664774439, "error_": 0.03135997816525325}