{"freq_range": [5.319148936170213, 39.8936170212766], "freq_res": 0.6648936170212769, "aperiodic_params_": [-11.954885550107987, 0.4482241935706967], "gaussian_params_": [[8.107028828770206, 0.1466942416567273, 1.5935862746624192], [11.695071692163618, 0.25811965899003453, 0.7000000000000001], [20.91447408860805, 0.20157019847375326, 1.3875393395060212], [24.590603168048204, 0.27924166733646916, 1.748093625504498], [29.876681403485037, 0.3173243846139128, 2.5785386764494964]], "peak_params_": [[8.107028828770206, 0.14621973821315848, 3.1871725493248384], [11.695071692163618, 0.24700849345842002, 1.4000000000000001], [20.91447408860805, 0.2182672807036834, 2.7750786790120423], [24.590603168048204, 0.3242772166244201, 3.496187251008996], [29.876681403485037, 0.31995550462374744, 5.157077352898993]], "r_squared_": 0.940305443279307, "error_": 0.031093939469157086}