{"freq_range": [5.319148936170213, 39.8936170212766], "freq_res": 0.6648936170212769, "aperiodic_params_": [-10.985003970726762, 0.9838139483373624], "gaussian_params_": [[11.671490544478198, 0.5087815701993149, 1.0659722948294938], [20.22527906853, 0.14097149520912788, 0.817705666807055], [23.190212165537954, 0.11170203767328893, 0.9222266343776898], [28.04092861163273, 0.26383868932454657, 3.3056993397323553]], "peak_params_": [[11.671490544478198, 0.48946571273299355, 2.1319445896589877], [20.22527906853, 0.14642617110070688, 1.63541133361411], [23.190212165537954, 0.20457751715576933, 1.8444532687553796], [28.04092861163273, 0.26367819218453725, 6.611398679464711]], "r_squared_": 0.9831650812640456, "error_": 0.025182406460642005}