{"freq_range": [5.319148936170213, 39.8936170212766], "freq_res": 0.6648936170212769, "aperiodic_params_": [-11.266339979517038, 0.5221672802967903], "gaussian_params_": [[11.462733845243319, 0.7350225564705524, 1.0395035825166434], [23.49422366632999, 0.21600217638629718, 3.1874918657317797]], "peak_params_": [[11.462733845243319, 0.7265601673926625, 2.079007165033287], [23.49422366632999, 0.2154744577340093, 6.374983731463559]], "r_squared_": 0.9698929456343384, "error_": 0.030989461525861888}