{"freq_range": [5.319148936170213, 39.8936170212766], "freq_res": 0.6648936170212769, "aperiodic_params_": [-11.759987168304178, 0.24991322259204077], "gaussian_params_": [[11.365250611911868, 0.2220291862869863, 0.7000000000222866], [21.76903116791585, 0.349170062892655, 2.176329778721132], [26.647721955872115, 0.21513012044069008, 2.5902770250338016], [33.26256488392811, 0.06793659914673146, 0.7000000000000001]], "peak_params_": [[11.365250611911868, 0.2211616651639865, 1.4000000000445731], [21.76903116791585, 0.3893691751508168, 4.352659557442264], [26.647721955872115, 0.24493697900805422, 5.180554050067603], [33.26256488392811, 0.07631370557654549, 1.4000000000000001]], "r_squared_": 0.748419965707209, "error_": 0.05275234556247317}