{"freq_range": [5.319148936170213, 39.8936170212766], "freq_res": 0.6648936170212769, "aperiodic_params_": [-10.755815908088467, 1.0431051115435348], "gaussian_params_": [[11.530726657527943, 0.7553454048350154, 1.297011190094446], [23.602183498725573, 0.19591828472386838, 2.784069518725663], [29.488654337846448, 0.26651817605660993, 1.8977085962682156]], "peak_params_": [[11.530726657527943, 0.7438225225175703, 2.594022380188892], [23.602183498725573, 0.19578351867926003, 5.568139037451326], [29.488654337846448, 0.2894436324653711, 3.7954171925364313]], "r_squared_": 0.9804298257871302, "error_": 0.03622259439683597}