{"freq_range": [5.319148936170213, 39.8936170212766], "freq_res": 0.6648936170212769, "aperiodic_params_": [-10.981043371264779, 0.9647691089223487], "gaussian_params_": [[9.158186423222999, 0.19824012240955446, 1.6778367967361594], [11.526258236676515, 0.3629396552947, 0.7505604445374789], [22.423657002433, 0.1365989939703707, 1.4411059883245838], [28.1538927794726, 0.28566669392956356, 3.1295436506416485]], "peak_params_": [[9.158186423222999, 0.20205893492722282, 3.3556735934723187], [11.526258236676515, 0.4348159581659079, 1.5011208890749579], [22.423657002433, 0.19487151025225735, 2.8822119766491676], [28.1538927794726, 0.2850005905386208, 6.259087301283297]], "r_squared_": 0.9726281965642692, "error_": 0.036613683023611995}