{"freq_range": [5.319148936170213, 39.8936170212766], "freq_res": 0.6648936170212769, "aperiodic_params_": [-11.787733445439173, 0.45034567449511326], "gaussian_params_": [[7.9149396265107645, 0.38504380969632335, 2.991274336248039], [25.261121778930523, 0.330959531898289, 3.9999999999999996]], "peak_params_": [[7.9149396265107645, 0.38498553573668914, 5.982548672496078], [25.261121778930523, 0.3309593090771994, 7.999999999999999]], "r_squared_": 0.9229922522907645, "error_": 0.049459986400563496}