{"freq_range": [5.319148936170213, 39.8936170212766], "freq_res": 0.6648936170212769, "aperiodic_params_": [-11.73852737656556, 0.6283050446484012], "gaussian_params_": [[7.403460775962034, 0.14761885211160425, 1.3709871598824144], [11.460089561387889, 0.12430408145283316, 0.7000000000000001], [22.814574540624616, 0.3147925409677887, 2.367035421682819], [29.39172041111645, 0.34014790183975935, 2.5758909643060814]], "peak_params_": [[7.403460775962034, 0.14730371966875566, 2.7419743197648287], [11.460089561387889, 0.12380629631681295, 1.4000000000000001], [22.814574540624616, 0.3241677169764472, 4.734070843365638], [29.39172041111645, 0.3474388255507126, 5.151781928612163]], "r_squared_": 0.9647538932408742, "error_": 0.027269891698430512}