{"freq_range": [5.319148936170213, 39.8936170212766], "freq_res": 0.6648936170212769, "aperiodic_params_": [-12.494417052908581, 0.3329248295059066], "gaussian_params_": [[21.97254065633226, 0.3178594540782375, 2.74178936472192], [25.647793142294088, 0.15816475259954252, 0.7000000000000001], [29.674837763337806, 0.2226429212697808, 1.9257488026234124]], "peak_params_": [[21.97254065633226, 0.3179093158598487, 5.48357872944384], [25.647793142294088, 0.2914964979186401, 1.4000000000000001], [29.674837763337806, 0.22560328151403297, 3.851497605246825]], "r_squared_": 0.802197984966016, "error_": 0.04337753925966021}