{"freq_range": [5.319148936170213, 39.8936170212766], "freq_res": 0.6648936170212769, "aperiodic_params_": [-11.690548688527354, 0.2745691874650096], "gaussian_params_": [[7.914939648268499, 0.1735784371843083, 2.486380667018578], [21.630896517549925, 0.2559071049629187, 1.8597242289795572], [26.314453372861877, 0.25270231292509804, 2.9818942416544996], [33.29739145797683, 0.07339367474833518, 0.7000000000000001], [37.718954881699396, 0.09939523444585986, 0.7000000000000001]], "peak_params_": [[7.914939648268499, 0.17352133306660633, 4.972761334037156], [21.630896517549925, 0.33858218647722715, 3.7194484579591145], [26.314453372861877, 0.25883223419429235, 5.963788483308999], [33.29739145797683, 0.09015655603094785, 1.4000000000000001], [37.718954881699396, 0.09629692627423125, 1.4000000000000001]], "r_squared_": 0.8484306482922731, "error_": 0.04472842391663542}