{"freq_range": [5.319148936170213, 39.8936170212766], "freq_res": 0.6648936170212769, "aperiodic_params_": [-12.135035420954157, -0.08368345462418214], "gaussian_params_": [[22.809047020917884, 0.4511162339399209, 2.516242756635383], [27.84927177959638, 0.22634379077911773, 2.063323890686116]], "peak_params_": [[22.809047020917884, 0.4586240490248823, 5.032485513270766], [27.84927177959638, 0.28326629694283767, 4.126647781372232]], "r_squared_": 0.7803715376636923, "error_": 0.06383107880356578}