{"freq_range": [5.319148936170213, 39.8936170212766], "freq_res": 0.6648936170212769, "aperiodic_params_": [-11.535637719519855, 0.3330237863609409], "gaussian_params_": [[11.397355271191522, 0.17911173417572968, 0.7000000000000001], [20.859229755333136, 0.22922046833553097, 1.7849788440055998], [25.84220744938682, 0.09568634665542575, 3.253976561387337]], "peak_params_": [[11.397355271191522, 0.17750304166701625, 1.4000000000000001], [20.859229755333136, 0.2533167574713122, 3.5699576880111996], [25.84220744938682, 0.0996989728633082, 6.507953122774674]], "r_squared_": 0.7591407806237475, "error_": 0.04301916711284598}