{"freq_range": [5.319148936170213, 39.8936170212766], "freq_res": 0.6648936170212769, "aperiodic_params_": [-11.029710313582475, 0.9394716259465612], "gaussian_params_": [[11.759468644089068, 0.7424481535461872, 1.0995814773953418], [20.394081442225072, 0.12939998019729745, 0.9247217868073336], [27.134601238418902, 0.2763002361720345, 3.6584906735392755]], "peak_params_": [[11.759468644089068, 0.729256696569891, 2.1991629547906837], [20.394081442225072, 0.18224142438080193, 1.8494435736146673], [27.134601238418902, 0.2761363225576936, 7.316981347078551]], "r_squared_": 0.9829773928402509, "error_": 0.029893027385383762}