{"freq_range": [5.319148936170213, 39.8936170212766], "freq_res": 0.6648936170212769, "aperiodic_params_": [-11.646787716575641, 0.4683324753946374], "gaussian_params_": [[7.389447300605278, 0.2727864950537472, 2.476582317234225], [25.411944121155788, 0.3868534693108347, 3.9999999999999996]], "peak_params_": [[7.389447300605278, 0.2726732455323049, 4.95316463446845], [25.411944121155788, 0.3865959093602491, 7.999999999999999]], "r_squared_": 0.9123210014579403, "error_": 0.047211619248378404}