{"freq_range": [5.319148936170213, 39.8936170212766], "freq_res": 0.6648936170212769, "aperiodic_params_": [-11.39386909675293, 0.8612373476928419], "gaussian_params_": [[11.64728623616905, 0.29135418983583694, 0.919650076585646], [26.95929266250335, 0.29280937891434283, 3.9999999999999996]], "peak_params_": [[11.64728623616905, 0.2744175408935501, 1.839300153171292], [26.95929266250335, 0.2919796260804244, 7.999999999999999]], "r_squared_": 0.9415492760028303, "error_": 0.04207665491553418}