{"freq_range": [5.319148936170213, 39.8936170212766], "freq_res": 0.6648936170212769, "aperiodic_params_": [-12.882859279467743, -0.11243890388710752], "gaussian_params_": [[22.955270525739337, 0.3055390002146275, 3.2816150530164787]], "peak_params_": [[22.955270525739337, 0.3041256628730249, 6.563230106032957]], "r_squared_": 0.5484277629433965, "error_": 0.06771845084174541}