{"freq_range": [5.319148936170213, 39.8936170212766], "freq_res": 0.6648936170212769, "aperiodic_params_": [-11.030531369271262, 1.2583769988866826], "gaussian_params_": [[11.481281063224031, 0.42043316254940827, 0.9195702883200825], [23.80587373446946, 0.2463204466803211, 2.94530217059065], [27.348735273368767, 0.22459173938657792, 0.7000000000000001], [28.97766241982926, 0.209661290938869, 0.7161832772784849], [31.16519785133163, 0.2939158763406943, 1.0805664863170619], [34.17766662404787, 0.17951318839208816, 0.8237321849149982]], "peak_params_": [[11.481281063224031, 0.41265223470528944, 1.839140576640165], [23.80587373446946, 0.24608108265662132, 5.8906043411813], [27.348735273368767, 0.35889455306198137, 1.4000000000000001], [28.97766241982926, 0.3061009834661359, 1.4323665545569697], [31.16519785133163, 0.30480357351456355, 2.1611329726341237], [34.17766662404787, 0.18262154113865847, 1.6474643698299964]], "r_squared_": 0.982226137339986, "error_": 0.02961041820947803}