{"freq_range": [5.319148936170213, 39.8936170212766], "freq_res": 0.6648936170212769, "aperiodic_params_": [-11.906540603597481, 0.9486528169855168], "gaussian_params_": [[7.91493962651056, 0.22568183759038515, 2.958691222377435], [20.751753217471844, 0.10843026010596737, 1.6545813024154798], [25.32972965218147, 0.1778987837706136, 2.75024877361873], [27.080177024173416, 0.14219496169999332, 0.7072570322394035], [31.219254251824886, 0.25020008401012117, 2.721144825041551]], "peak_params_": [[7.91493962651056, 0.22562940105477658, 5.91738244475487], [20.751753217471844, 0.14903460766531573, 3.3091626048309597], [25.32972965218147, 0.20862337153202581, 5.50049754723746], [27.080177024173416, 0.3635692587888588, 1.414514064478807], [31.219254251824886, 0.2677209784538075, 5.442289650083102]], "r_squared_": 0.9668002568255626, "error_": 0.03309856500375297}