{"freq_range": [5.319148936170213, 39.8936170212766], "freq_res": 0.6648936170212769, "aperiodic_params_": [-13.245262311031425, -0.48690234940600446], "gaussian_params_": [[20.258184354203685, 0.22975821143526332, 1.7195546539919906], [24.66766039408989, 0.4051627540226125, 2.970674273456695]], "peak_params_": [[20.258184354203685, 0.3406380640290614, 3.439109307983981], [24.66766039408989, 0.4145272795549939, 5.94134854691339]], "r_squared_": 0.9381829702953077, "error_": 0.0409870935553482}