{"freq_range": [5.319148936170213, 39.8936170212766], "freq_res": 0.6648936170212769, "aperiodic_params_": [-11.278883115230604, 0.4843555008532658], "gaussian_params_": [[11.653237040618556, 0.3149213426542962, 0.8544065112557978], [21.06464169489686, 0.1779768730811071, 1.0470340618892264], [23.172482079217698, 0.1435887092069003, 0.7000000000000001], [27.680153990448446, 0.1458065461634934, 1.770293383189259], [30.992728417041796, 0.1300852034402021, 0.7000000000016418]], "peak_params_": [[11.653237040618556, 0.2942492193720021, 1.7088130225115956], [21.06464169489686, 0.17824388634362798, 2.094068123778453], [23.172482079217698, 0.16804051054860736, 1.4000000000000001], [27.680153990448446, 0.14442142225489363, 3.540586766378518], [30.992728417041796, 0.14067799122389957, 1.4000000000032835]], "r_squared_": 0.9030340603927413, "error_": 0.032755075354414034}