{"freq_range": [5.319148936170213, 39.8936170212766], "freq_res": 0.6648936170212769, "aperiodic_params_": [-10.85350631966766, 1.0359975437762454], "gaussian_params_": [[11.475206088847052, 0.3145020664567214, 0.8938612477742551], [26.302214612642214, 0.2857634152155614, 3.9999999999999996]], "peak_params_": [[11.475206088847052, 0.30898494975541624, 1.7877224955485103], [26.302214612642214, 0.28499503300225193, 7.999999999999999]], "r_squared_": 0.9192268426119393, "error_": 0.056115545105873264}