{"freq_range": [5.319148936170213, 39.8936170212766], "freq_res": 0.6648936170212769, "aperiodic_params_": [-11.80594326825593, 0.21771673142998227], "gaussian_params_": [[6.881851215412072, 0.23344643597193623, 2.314314455041889], [22.209721149833513, 0.3434524444014625, 2.3339120678209846], [27.133106613920862, 0.32236759556793076, 2.5841146867688676], [31.359015647465473, 0.1279562452912488, 0.7000000000006762]], "peak_params_": [[6.881851215412072, 0.23226717931419216, 4.628628910083778], [22.209721149833513, 0.38403502527988564, 4.667824135641969], [27.133106613920862, 0.3550011948448244, 5.168229373537735], [31.359015647465473, 0.21721873792876067, 1.4000000000013524]], "r_squared_": 0.9302402089387406, "error_": 0.03491698386559847}