{"freq_range": [5.319148936170213, 39.8936170212766], "freq_res": 0.6648936170212769, "aperiodic_params_": [-11.310112354409867, 0.9629722328058751], "gaussian_params_": [[11.409753351257532, 0.2502104914683314, 0.9174463315801202], [22.315755094484707, 0.26332605103351964, 1.9945096708551984], [28.558031555856623, 0.41606783850030826, 2.986951460415005]], "peak_params_": [[11.409753351257532, 0.24852847034351733, 1.8348926631602405], [22.315755094484707, 0.317697708007314, 3.9890193417103967], [28.558031555856623, 0.4179112896126931, 5.97390292083001]], "r_squared_": 0.9633966832149848, "error_": 0.03567519328958304}