{"freq_range": [5.319148936170213, 39.8936170212766], "freq_res": 0.6648936170212769, "aperiodic_params_": [-10.918636358813687, 0.9567165527474288], "gaussian_params_": [[11.252850753755355, 0.30897851615540256, 1.0056387378362046], [22.082437024037244, 0.15292707001754482, 1.346824057811838], [28.6231485185257, 0.23510186275910944, 3.0668014769396748], [33.21744172791412, 0.09634609655010275, 0.7000000000000001], [37.61369173725571, 0.2003343264236996, 0.7000000000000001]], "peak_params_": [[11.252850753755355, 0.3085916595014293, 2.011277475672409], [22.082437024037244, 0.1739952592339442, 2.693648115623676], [28.6231485185257, 0.2350897809359047, 6.1336029538793495], [33.21744172791412, 0.1718055979979951, 1.4000000000000001], [37.61369173725571, 0.18679868845569025, 1.4000000000000001]], "r_squared_": 0.9159168135401276, "error_": 0.05287296445487989}