{"freq_range": [5.319148936170213, 39.8936170212766], "freq_res": 0.6648936170212769, "aperiodic_params_": [-10.41685881550613, 1.3479476999030602], "gaussian_params_": [[11.450987179573865, 1.1720355928190127, 1.252178663216195], [14.427749968069485, 0.14290963990045866, 0.872710572735859], [22.754888981485113, 0.14798642074191146, 2.553287053886944], [28.13585146864528, 0.2528891602642885, 1.1716385239573872], [31.134151343933254, 0.1958414022131988, 0.7474549987619645]], "peak_params_": [[11.450987179573865, 1.1641415917322675, 2.50435732643239], [14.427749968069485, 0.18706638229631878, 1.745421145471718], [22.754888981485113, 0.14774000562439404, 5.106574107773888], [28.13585146864528, 0.26790833610491127, 2.3432770479147744], [31.134151343933254, 0.20148089989319473, 1.494909997523929]], "r_squared_": 0.985178257430106, "error_": 0.04320088284428053}