{"freq_range": [5.319148936170213, 39.8936170212766], "freq_res": 0.6648936170212769, "aperiodic_params_": [-10.541223534907783, 1.2532965602179833], "gaussian_params_": [[11.418240757633772, 0.9650255631529935, 1.3141792117477646], [22.57042019233237, 0.14962964241056784, 2.610032007315625], [28.05921166493344, 0.24746304906499478, 1.192666975963862], [31.225108205407356, 0.18582155763380154, 0.7000000000000001]], "peak_params_": [[11.418240757633772, 0.9613480743646399, 2.6283584234955293], [22.57042019233237, 0.14962259280600598, 5.22006401463125], [28.05921166493344, 0.2641512326338553, 2.385333951927724], [31.225108205407356, 0.19320495967822282, 1.4000000000000001]], "r_squared_": 0.9864038709714223, "error_": 0.03874710356575761}