{"freq_range": [5.319148936170213, 39.8936170212766], "freq_res": 0.6648936170212769, "aperiodic_params_": [-10.761806331597631, 1.0205282963109767], "gaussian_params_": [[8.789603609159863, 0.11262484328406319, 0.7000000000000001], [11.5876415116287, 0.9648274689052315, 1.2897425537650153], [23.35079645559874, 0.18782560721183672, 2.531040828437665], [29.753514606556784, 0.2455303181063248, 2.0068477970263987]], "peak_params_": [[8.789603609159863, 0.18148911105371646, 1.4000000000000001], [11.5876415116287, 0.9418260335643751, 2.5794851075300307], [23.35079645559874, 0.18906505882356406, 5.06208165687533], [29.753514606556784, 0.2511542464993646, 4.013695594052797]], "r_squared_": 0.9847783623055303, "error_": 0.0377838898024268}