{"freq_range": [5.319148936170213, 39.8936170212766], "freq_res": 0.6648936170212769, "aperiodic_params_": [-11.411692195160308, 0.9227115028023246], "gaussian_params_": [[11.30800767234479, 0.17827160933569064, 0.7000000000000001], [23.804258261393556, 0.24220160643887678, 2.8901612111592074], [30.638084397664382, 0.2525308768962771, 2.667070654529527]], "peak_params_": [[11.30800767234479, 0.17828835872261095, 1.4000000000000001], [23.804258261393556, 0.2526935809069073, 5.780322422318415], [30.638084397664382, 0.26792910402088665, 5.334141309059054]], "r_squared_": 0.9687680324597523, "error_": 0.030378931142988137}