{"freq_range": [5.319148936170213, 39.8936170212766], "freq_res": 0.6648936170212769, "aperiodic_params_": [-11.255395699736658, 0.7161364583962943], "gaussian_params_": [[11.558738928743649, 0.3431719003378875, 0.9345913511510375], [20.103814596376314, 0.14901429286658005, 0.7907344273400196], [22.609832313940554, 0.11458691919543876, 0.8418847668996354], [28.556738860411063, 0.19401965355357106, 3.7547100234246344]], "peak_params_": [[11.558738928743649, 0.33058510754663395, 1.869182702302075], [20.103814596376314, 0.1608719547729116, 1.5814688546800393], [22.609832313940554, 0.1708506871630462, 1.6837695337992709], [28.556738860411063, 0.19401184500495638, 7.509420046849269]], "r_squared_": 0.9591424441566851, "error_": 0.028903719614856407}