{"freq_range": [5.319148936170213, 39.8936170212766], "freq_res": 0.6648936170212769, "aperiodic_params_": [-11.09550781057579, 0.6431427918246035], "gaussian_params_": [[11.65550134660849, 0.5297138378841807, 0.9991400902561903], [21.031894240226766, 0.09147265785699014, 1.556253706835348], [27.09996577252627, 0.15314838307300094, 3.354675889048391]], "peak_params_": [[11.65550134660849, 0.5044204266872327, 1.9982801805123807], [21.031894240226766, 0.12429376249268209, 3.112507413670696], [27.09996577252627, 0.15300321999912114, 6.709351778096782]], "r_squared_": 0.9838250075566509, "error_": 0.02035464754548027}