{"freq_range": [5.319148936170213, 39.8936170212766], "freq_res": 0.6648936170212769, "aperiodic_params_": [-11.098410271719482, 0.9520568276000825], "gaussian_params_": [[11.706870026484538, 0.491831526388005, 1.0612185182227156], [20.353317033058364, 0.13146510045915089, 0.7529793598450665], [23.609263007605765, 0.10024072498062865, 0.7585548672134341], [27.781977062999673, 0.29234046670121266, 3.1450638474199692]], "peak_params_": [[11.706870026484538, 0.47715634192705103, 2.1224370364454312], [20.353317033058364, 0.14572711647487324, 1.505958719690133], [23.609263007605765, 0.22977245426924142, 1.5171097344268683], [27.781977062999673, 0.29203610062459795, 6.2901276948399385]], "r_squared_": 0.9756050945429786, "error_": 0.03145313607978784}