{"freq_range": [5.319148936170213, 39.8936170212766], "freq_res": 0.6648936170212769, "aperiodic_params_": [-11.665993525446769, 0.48783015973602717], "gaussian_params_": [[11.47733397311272, 0.27015918752784746, 0.7000000000000082], [21.97357681874274, 0.3322932314870698, 2.086766122911549], [27.69845147659572, 0.22833232534871853, 2.4954989160261682], [37.66809979953681, 0.15625090468356273, 0.7000000000000001]], "peak_params_": [[11.47733397311272, 0.26192796929836604, 1.4000000000000163], [21.97357681874274, 0.34820970993326483, 4.173532245823098], [27.69845147659572, 0.23307710215395616, 4.9909978320523365], [37.66809979953681, 0.14803569185271925, 1.4000000000000001]], "r_squared_": 0.7036073591405106, "error_": 0.07099292121780673}