{"freq_range": [5.319148936170213, 39.8936170212766], "freq_res": 0.6648936170212769, "aperiodic_params_": [-11.68646754306307, 0.5868364398209722], "gaussian_params_": [[7.615464254575638, 0.1806569977067221, 2.134576640098571], [11.524006390701475, 0.19293114814543896, 0.700005245799665], [25.59931394769527, 0.29362684099727077, 3.9999999999999996]], "peak_params_": [[7.615464254575638, 0.17887079004752238, 4.269153280197142], [11.524006390701475, 0.2246818560902728, 1.40001049159933], [25.59931394769527, 0.29261999182031495, 7.999999999999999]], "r_squared_": 0.9215615765360928, "error_": 0.042441739814326}