{"freq_range": [5.319148936170213, 39.8936170212766], "freq_res": 0.6648936170212769, "aperiodic_params_": [-11.728329930526023, 0.17025593850670487], "gaussian_params_": [[6.543621560175809, 0.07990529751891835, 2.6218639859730652], [22.662713962262274, 0.31336686269254055, 2.8841599347192255], [27.432966428828042, 0.14233232995089584, 0.7000000000000001]], "peak_params_": [[6.543621560175809, 0.07984092505683194, 5.2437279719461305], [22.662713962262274, 0.3133070995412446, 5.768319869438451], [27.432966428828042, 0.22602259418115977, 1.4000000000000001]], "r_squared_": 0.8681748550245812, "error_": 0.03545294473113754}