{"freq_range": [5.319148936170213, 39.8936170212766], "freq_res": 0.6648936170212769, "aperiodic_params_": [-11.757915399862682, 0.1423596637198734], "gaussian_params_": [[11.394700580141425, 0.26523683739675896, 0.7000000000000001], [22.89299550420767, 0.30497254374786775, 2.9100456525247544]], "peak_params_": [[11.394700580141425, 0.26308972054429525, 1.4000000000000001], [22.89299550420767, 0.303496943602072, 5.820091305049509]], "r_squared_": 0.7836681725467723, "error_": 0.03915609101340484}