{"freq_range": [5.319148936170213, 39.8936170212766], "freq_res": 0.6648936170212769, "aperiodic_params_": [-11.241919191734546, 0.723907970812019], "gaussian_params_": [[9.147406418728, 0.15472098287109515, 0.8891431541517448], [11.725758055685521, 0.6205470504239063, 1.0179775018565358], [21.73385037346892, 0.2101350106841618, 1.3464958179140465], [24.771161611589292, 0.16307539297597953, 1.0532496826616018], [29.04744226485484, 0.30748617217988605, 2.7222989868477123]], "peak_params_": [[9.147406418728, 0.18921747099599173, 1.7782863083034897], [11.725758055685521, 0.6042213879331513, 2.0359550037130716], [21.73385037346892, 0.22226006025674927, 2.692991635828093], [24.771161611589292, 0.26374361499114585, 2.1064993653232036], [29.04744226485484, 0.30660993923566693, 5.444597973695425]], "r_squared_": 0.9840657437158727, "error_": 0.023193582735236605}