{"freq_range": [5.319148936170213, 39.8936170212766], "freq_res": 0.6648936170212769, "aperiodic_params_": [-10.487692935543226, 1.3211666721873276], "gaussian_params_": [[11.386500760236325, 1.022921039506505, 1.2283259488976308], [14.219787002934915, 0.09816146478266607, 0.7000000000000001], [19.841489361702134, 0.07566513485230587, 1.3475231602280002], [23.230473429866855, 0.1776524579141398, 1.4381192816943964], [27.938090081345816, 0.3000170053085178, 1.313703389141005], [31.164733383823933, 0.21770721901747134, 0.7000000000000001]], "peak_params_": [[11.386500760236325, 1.0205876967052028, 2.4566518977952616], [14.219787002934915, 0.20516787345567522, 1.4000000000000001], [19.841489361702134, 0.08854062444525823, 2.6950463204560005], [23.230473429866855, 0.1810923546478893, 2.876238563388793], [27.938090081345816, 0.30086942267609196, 2.62740677828201], [31.164733383823933, 0.2286014548866433, 1.4000000000000001]], "r_squared_": 0.9866125130444855, "error_": 0.03789797426535698}