{"freq_range": [5.319148936170213, 39.8936170212766], "freq_res": 0.6648936170212769, "aperiodic_params_": [-10.858525029839015, 1.0842696511546617], "gaussian_params_": [[11.185118512757073, 0.37100363585076995, 1.0439624203033226], [24.792596719455556, 0.18555035356555086, 2.5283719288521076], [28.553015674180248, 0.18639976838013406, 1.005038733287889], [32.12550525964505, 0.14768010097820633, 1.2483099001970521]], "peak_params_": [[11.185118512757073, 0.3686384302768584, 2.0879248406066453], [24.792596719455556, 0.18510056236050154, 5.056743857704215], [28.553015674180248, 0.24900031143913814, 2.010077466575778], [32.12550525964505, 0.14979648453741845, 2.4966198003941042]], "r_squared_": 0.9689860304449507, "error_": 0.037527791353518344}