{"freq_range": [5.319148936170213, 39.8936170212766], "freq_res": 0.6648936170212769, "aperiodic_params_": [-11.574915363277096, 0.7992094640239744], "gaussian_params_": [[11.379004864422807, 0.44736428043368376, 0.7447209493102538], [21.992219006741397, 0.1788537074385409, 2.0191950828623297], [29.043091498565676, 0.2513065353970781, 3.9173855479505555]], "peak_params_": [[11.379004864422807, 0.44506115639476995, 1.4894418986205076], [21.992219006741397, 0.22739004668226848, 4.0383901657246595], [29.043091498565676, 0.2512152887125829, 7.834771095901111]], "r_squared_": 0.9422478727854222, "error_": 0.038714688311106034}