{"freq_range": [5.319148936170213, 39.8936170212766], "freq_res": 0.6648936170212769, "aperiodic_params_": [-10.587854549025863, 1.1477180327798675], "gaussian_params_": [[11.596004284286217, 0.803046807766186, 1.291527252295513], [15.581444802441064, 0.06852482118305182, 0.7000000000000001], [22.542599200996683, 0.046752078358785414, 3.783415303446226], [28.105374789647822, 0.24260454441886364, 2.4321177693015423]], "peak_params_": [[11.596004284286217, 0.7832378320741427, 2.583054504591026], [15.581444802441064, 0.08374791349804056, 1.4000000000000001], [22.542599200996683, 0.06557440851566554, 7.566830606892452], [28.105374789647822, 0.2589338081958612, 4.864235538603085]], "r_squared_": 0.9861154402553877, "error_": 0.031817857105701536}