{"freq_range": [5.319148936170213, 39.8936170212766], "freq_res": 0.6648936170212769, "aperiodic_params_": [-10.88284544493661, 1.0981580067005825], "gaussian_params_": [[11.512351260409815, 0.8826654113959703, 1.1014218420258333], [26.57826880165033, 0.2676415651485834, 3.9999999999999996]], "peak_params_": [[11.512351260409815, 0.8670750743439424, 2.2028436840516665], [26.57826880165033, 0.26763901080344255, 7.999999999999999]], "r_squared_": 0.9774003854788057, "error_": 0.04392835190489483}