{"freq_range": [5.319148936170213, 39.8936170212766], "freq_res": 0.6648936170212769, "aperiodic_params_": [-13.218161890411006, -0.4637719130177424], "gaussian_params_": [[22.95727028345694, 0.509301353518837, 3.359268767816065]], "peak_params_": [[22.95727028345694, 0.5070811960913897, 6.71853753563213]], "r_squared_": 0.8937100392253153, "error_": 0.05737895467033295}