{"freq_range": [5.319148936170213, 39.8936170212766], "freq_res": 0.6648936170212769, "aperiodic_params_": [-10.935524766812513, 0.8554979840191481], "gaussian_params_": [[11.434698952855344, 1.0016324648378727, 1.1679033704061594], [22.955118409427154, 0.1495271519977393, 2.2580985430428977], [28.31875997175671, 0.16166094837386974, 2.3172345865225563]], "peak_params_": [[11.434698952855344, 0.9953029191912837, 2.335806740812319], [22.955118409427154, 0.16314534478314258, 4.516197086085795], [28.31875997175671, 0.16719617511337503, 4.634469173045113]], "r_squared_": 0.9843971750151019, "error_": 0.03551600481270115}