{"freq_range": [5.319148936170213, 39.8936170212766], "freq_res": 0.6648936170212769, "aperiodic_params_": [-11.097912850413374, 0.9783950591919717], "gaussian_params_": [[8.734326019722218, 0.12053741485587569, 0.7000000000000001], [11.507448614439987, 0.46485445288999333, 1.0258227763115395], [22.80413906788654, 0.2933759282558262, 2.2018272520671287], [29.147598302849822, 0.38504607965188997, 2.6311382231242346]], "peak_params_": [[8.734326019722218, 0.1289682856501404, 1.4000000000000001], [11.507448614439987, 0.4558739560781664, 2.051645552623079], [22.80413906788654, 0.3097102584806599, 4.403654504134257], [29.147598302849822, 0.3887353019394748, 5.262276446248469]], "r_squared_": 0.9838220102874783, "error_": 0.02557035922228294}