{"freq_range": [5.319148936170213, 39.8936170212766], "freq_res": 0.6648936170212769, "aperiodic_params_": [-10.617182582856014, 1.1469820396518429], "gaussian_params_": [[11.581620885925961, 0.8482462840162077, 1.3077129697748002], [15.50709309932883, 0.04260793588063662, 0.7291841474265807], [26.891900863473662, 0.21102843732779042, 2.8960448726646733], [28.517113456097814, 0.14412117412566655, 0.7000000000000001], [31.804869463267064, 0.06902914861226501, 0.9640574383611002]], "peak_params_": [[11.581620885925961, 0.8292362807960352, 2.6154259395496005], [15.50709309932883, 0.05600461007801627, 1.4583682948531613], [26.891900863473662, 0.21326020484652375, 5.7920897453293465], [28.517113456097814, 0.32128227072995763, 1.4000000000000001], [31.804869463267064, 0.11547504532148345, 1.9281148767222005]], "r_squared_": 0.9874233555653512, "error_": 0.0317883496964676}