{"freq_range": [5.319148936170213, 39.8936170212766], "freq_res": 0.6648936170212769, "aperiodic_params_": [-11.12982176658129, 0.6882930151668686], "gaussian_params_": [[11.439086306062192, 0.6218623867975551, 1.0551286351309368], [19.09190011507933, 0.12440028224111029, 0.7000000000000001], [21.242085011551055, 0.14977272149167245, 1.0870424738750553], [28.09274146578026, 0.1324099520470487, 1.8635863546835616]], "peak_params_": [[11.439086306062192, 0.6167259791869153, 2.1102572702618736], [19.09190011507933, 0.14937102557830606, 1.4000000000000001], [21.242085011551055, 0.15081636387268738, 2.1740849477501105], [28.09274146578026, 0.13187804075055887, 3.727172709367123]], "r_squared_": 0.9528140571462341, "error_": 0.04096316022313875}