{"freq_range": [5.319148936170213, 39.8936170212766], "freq_res": 0.6648936170212769, "aperiodic_params_": [-11.53190598118126, 0.7769560378039327], "gaussian_params_": [[11.417605053320152, 0.18842123197714541, 0.8565417109865001], [27.086129852447822, 0.32946023513172246, 3.9999999999999996]], "peak_params_": [[11.417605053320152, 0.1868848584203846, 1.7130834219730002], [27.086129852447822, 0.3291468493485823, 7.999999999999999]], "r_squared_": 0.9036022179094182, "error_": 0.04935116534161753}