{"freq_range": [5.319148936170213, 39.8936170212766], "freq_res": 0.6648936170212769, "aperiodic_params_": [-12.428912504902558, 0.40715649791313024], "gaussian_params_": [[23.024712319754066, 0.28035340132543213, 2.9746802697137693], [29.931207762463888, 0.19985566236558414, 2.1460507460036435]], "peak_params_": [[23.024712319754066, 0.28101166625663154, 5.949360539427539], [29.931207762463888, 0.21894638094795127, 4.292101492007287]], "r_squared_": 0.8325689709647417, "error_": 0.039609658000829384}