{"freq_range": [5.319148936170213, 39.8936170212766], "freq_res": 0.6648936170212769, "aperiodic_params_": [-11.219749379060815, 0.7384282374776232], "gaussian_params_": [[9.149876737545029, 0.14781129907088925, 1.4221541321433382], [11.768311932499689, 0.3502806058552019, 0.7000000000031243], [21.54834257802913, 0.15142368161127293, 1.5006498860381456], [27.68922659011722, 0.2741652132984861, 3.7584782685600566]], "peak_params_": [[9.149876737545029, 0.14762587658217363, 2.8443082642866764], [11.768311932499689, 0.3570944069274411, 1.4000000000062487], [21.54834257802913, 0.212918115873574, 3.0012997720762913], [27.68922659011722, 0.27364200738240285, 7.516956537120113]], "r_squared_": 0.9560890183300021, "error_": 0.03295651452073008}