{"freq_range": [5.319148936170213, 39.8936170212766], "freq_res": 0.6648936170212769, "aperiodic_params_": [-11.519062173695218, 0.77663522199639], "gaussian_params_": [[11.822784290753267, 0.44452961093719096, 0.8340697698173892], [27.291786918263885, 0.29685673934782103, 3.9999999999999996]], "peak_params_": [[11.822784290753267, 0.438028279634155, 1.6681395396347785], [27.291786918263885, 0.2968477388199151, 7.999999999999999]], "r_squared_": 0.9326585748910247, "error_": 0.04044700606704923}