{"freq_range": [5.319148936170213, 39.8936170212766], "freq_res": 0.6648936170212769, "aperiodic_params_": [-11.525749377834078, 0.18107622981990762], "gaussian_params_": [[11.796276608118584, 0.3620505153014186, 0.8337248880142124], [24.317096621495455, 0.3274986133706169, 3.64169986175634]], "peak_params_": [[11.796276608118584, 0.35548702667427534, 1.6674497760284248], [24.317096621495455, 0.32650447335144683, 7.28339972351268]], "r_squared_": 0.8987583804439845, "error_": 0.033025215818909014}