{"freq_range": [5.319148936170213, 39.8936170212766], "freq_res": 0.6648936170212769, "aperiodic_params_": [-10.59662775449407, 1.1502120768784783], "gaussian_params_": [[11.60784176135508, 0.8919500946956739, 1.3224881322176913], [15.568899588092716, 0.05217091526526616, 0.7760324282392356], [24.796406317349877, 0.1304206999611736, 1.9999999999999998], [26.51942701159542, 0.11402157489588748, 0.7500000000000001], [28.450277682529485, 0.2611284616680573, 0.7500000000000001], [30.957273824988743, 0.1256209534276516, 1.3649112361902451]], "peak_params_": [[11.60784176135508, 0.8685950342350601, 2.6449762644353827], [15.568899588092716, 0.06736028920470005, 1.5520648564784711], [24.796406317349877, 0.1341313369843693, 3.9999999999999996], [26.51942701159542, 0.21348660737635683, 1.5000000000000002], [28.450277682529485, 0.308633132525042, 1.5000000000000002], [30.957273824988743, 0.12372600327906014, 2.7298224723804903]], "r_squared_": 0.9878029550095112, "error_": 0.03051937802878858}