{"freq_range": [5.319148936170213, 39.8936170212766], "freq_res": 0.6648936170212769, "aperiodic_params_": [-11.490495983519132, 0.4999861427313859], "gaussian_params_": [[11.451806359130815, 0.45312161409074875, 0.757308188091241], [25.1977626580033, 0.11531319000185015, 3.99999999999858]], "peak_params_": [[11.451806359130815, 0.44475663437616575, 1.514616376182482], [25.1977626580033, 0.11529643286454139, 7.99999999999716]], "r_squared_": 0.8889309757792092, "error_": 0.04280720059053506}