{"freq_range": [5.319148936170213, 39.8936170212766], "freq_res": 0.6648936170212769, "aperiodic_params_": [-10.916496979243357, 1.0142751947581983], "gaussian_params_": [[8.618219107683876, 0.1563631255427821, 1.6927678486130537], [11.664460293887256, 0.26528324063945063, 0.7000006001147561], [27.250912808618832, 0.3205749521733749, 3.999999999999587]], "peak_params_": [[8.618219107683876, 0.1563759095099595, 3.3855356972261075], [11.664460293887256, 0.26375026468526563, 1.4000012002295121], [27.250912808618832, 0.3205740046239285, 7.999999999999174]], "r_squared_": 0.9705589772025532, "error_": 0.0367127572295726}