{"freq_range": [5.319148936170213, 39.8936170212766], "freq_res": 0.6648936170212769, "aperiodic_params_": [-12.578671233845927, -0.33859761372469793], "gaussian_params_": [[20.907669565181777, 0.23444987213676066, 2.024799905803834], [25.151993823832964, 0.38193291259868933, 2.934681712506052]], "peak_params_": [[20.907669565181777, 0.3473651926465866, 4.049599811607668], [25.151993823832964, 0.4047653953109087, 5.869363425012104]], "r_squared_": 0.8802616015337594, "error_": 0.049556934891741664}