{"freq_range": [5.319148936170213, 39.8936170212766], "freq_res": 0.6648936170212769, "aperiodic_params_": [-11.603931423678878, 0.6973171635026626], "gaussian_params_": [[8.957772967228417, 0.1259784902436273, 1.059932336896504], [11.6892897351716, 0.35821381901889965, 0.8121573768960494], [22.007450389097396, 0.2490060111361911, 1.6311092120885715], [24.887120312507225, 0.16692231667138804, 0.8110960849850121], [29.152368495694514, 0.3559252653622696, 2.868148508161798]], "peak_params_": [[8.957772967228417, 0.1208812261857215, 2.119864673793008], [11.6892897351716, 0.33995000561822764, 1.6243147537920988], [22.007450389097396, 0.26412504858871877, 3.262218424177143], [24.887120312507225, 0.32825012929950503, 1.6221921699700241], [29.152368495694514, 0.35570897682257296, 5.736297016323596]], "r_squared_": 0.9701789288424634, "error_": 0.028354333002235273}