{"freq_range": [5.319148936170213, 39.8936170212766], "freq_res": 0.6648936170212769, "aperiodic_params_": [-12.01457285431591, 0.7127602394558517], "gaussian_params_": [[22.627357607672778, 0.19063769642307196, 1.8975272472219742], [26.934738357825605, 0.19694949072188428, 0.7429260876063262], [29.995320796259595, 0.24579213820426668, 1.5631593268306443], [33.7942141179211, 0.190737447400992, 0.7501729101189658]], "peak_params_": [[22.627357607672778, 0.19062951552664664, 3.7950544944439484], [26.934738357825605, 0.24176227814417928, 1.4858521752126523], [29.995320796259595, 0.24568842991635975, 3.1263186536612886], [33.7942141179211, 0.1991855262312967, 1.5003458202379316]], "r_squared_": 0.754729816219881, "error_": 0.06217281769127369}