{"freq_range": [5.319148936170213, 39.8936170212766], "freq_res": 0.6648936170212769, "aperiodic_params_": [-11.310639325036368, 0.6260874725566989], "gaussian_params_": [[25.519143246757174, 0.2723495893906518, 3.9435587676903197]], "peak_params_": [[25.519143246757174, 0.2717888625745726, 7.887117535380639]], "r_squared_": 0.8332066993705558, "error_": 0.04771989050148102}