{"freq_range": [5.319148936170213, 39.8936170212766], "freq_res": 0.6648936170212769, "aperiodic_params_": [-12.269308778587899, -0.03511349110162415], "gaussian_params_": [[21.940020094815303, 0.36216718361333994, 2.168128898512348], [25.270280195540078, 0.20513390720564645, 0.7000000000000001], [28.58182911900658, 0.22224644337926047, 1.7099223312535983]], "peak_params_": [[21.940020094815303, 0.3622876678083671, 4.336257797024696], [25.270280195540078, 0.35070012447085297, 1.4000000000000001], [28.58182911900658, 0.2255261474849739, 3.4198446625071965]], "r_squared_": 0.6654130613864293, "error_": 0.06191851088969187}