{"freq_range": [5.319148936170213, 39.8936170212766], "freq_res": 0.6648936170212769, "aperiodic_params_": [-11.787044614675857, 0.4638160587771396], "gaussian_params_": [[7.434352014471558, 0.22874979363846665, 2.179546360344445], [11.159607433477888, 0.10066572513438458, 0.723616164559319], [21.961995452249543, 0.2689310408771543, 1.9365134645516482], [27.737110560039035, 0.25844570107187953, 3.3567987246403015]], "peak_params_": [[7.434352014471558, 0.2284004073256849, 4.35909272068889], [11.159607433477888, 0.14603760684799383, 1.447232329118638], [21.961995452249543, 0.3271359580240212, 3.8730269291032964], [27.737110560039035, 0.2603849103891367, 6.713597449280603]], "r_squared_": 0.943154035416503, "error_": 0.03319414969798051}