{"freq_range": [5.319148936170213, 39.8936170212766], "freq_res": 0.6648936170212769, "aperiodic_params_": [-12.345808214396516, -0.1843850978920905], "gaussian_params_": [[9.203191489361704, 0.17973360782006192, 2.523727214661536], [22.732499628667906, 0.3945117144138434, 2.4103307444534203], [28.038146333500848, 0.22375667471927402, 2.3171501761863253]], "peak_params_": [[9.203191489361704, 0.17957724315285084, 5.047454429323072], [22.732499628667906, 0.40831176537725433, 4.820661488906841], [28.038146333500848, 0.2622272930931562, 4.634300352372651]], "r_squared_": 0.7862487426584, "error_": 0.05347285841770767}