{"freq_range": [5.319148936170213, 39.8936170212766], "freq_res": 0.6648936170212769, "aperiodic_params_": [-11.022494757868838, 0.7709547071098249], "gaussian_params_": [[10.41166408673779, 0.33730756053873606, 1.2364302149614408], [12.007942070038172, 0.6200666124498537, 0.8144586836446496], [21.693567122123742, 0.17965878724402576, 0.9002055735165179], [27.977653492512736, 0.22767521226356924, 3.4952032436356197]], "peak_params_": [[10.41166408673779, 0.4824712823875643, 2.4728604299228816], [12.007942070038172, 0.7720658158858633, 1.6289173672892991], [21.693567122123742, 0.22422117076833636, 1.8004111470330357], [27.977653492512736, 0.2276498987911033, 6.9904064872712395]], "r_squared_": 0.9860366889539068, "error_": 0.024361768069072535}