{"freq_range": [5.319148936170213, 39.8936170212766], "freq_res": 0.6648936170212769, "aperiodic_params_": [-12.391223370400452, 0.5324268465301932], "gaussian_params_": [[8.538297878968017, 0.14801171241340333, 2.4440411797338655], [21.354090541913166, 0.24638290888057116, 2.220110406660419], [29.02352532976688, 0.24420120947804064, 3.60797577118163]], "peak_params_": [[8.538297878968017, 0.14787439944114844, 4.888082359467731], [21.354090541913166, 0.2705902460543381, 4.440220813320838], [29.02352532976688, 0.24413551464178695, 7.21595154236326]], "r_squared_": 0.904419279398405, "error_": 0.03970806883696041}