{"freq_range": [5.319148936170213, 39.8936170212766], "freq_res": 0.6648936170212769, "aperiodic_params_": [-11.966259419984164, 0.20449709830356655], "gaussian_params_": [[7.914939626708069, 0.25592919081684523, 2.8227394935354955], [22.946259655793984, 0.2562468408742897, 2.4588133096967497], [27.498508631318945, 0.14040691231052213, 1.4882245521990525], [30.303158195250706, 0.12528487172255698, 0.7000000000002319]], "peak_params_": [[7.914939626708069, 0.2558638630281127, 5.645478987070991], [22.946259655793984, 0.25650348083207675, 4.917626619393499], [27.498508631318945, 0.19360140065084863, 2.976449104398105], [30.303158195250706, 0.13392106246751823, 1.4000000000004638]], "r_squared_": 0.8729438864831747, "error_": 0.03474423342874688}