{"freq_range": [5.319148936170213, 39.8936170212766], "freq_res": 0.6648936170212769, "aperiodic_params_": [-11.337328261966743, 0.662607591730283], "gaussian_params_": [[11.702132841319752, 0.6008135141297809, 0.9254973169560837], [25.535845138338885, 0.2767984308852243, 3.9999999999999996]], "peak_params_": [[11.702132841319752, 0.5773907528467799, 1.8509946339121675], [25.535845138338885, 0.27616909047419824, 7.999999999999999]], "r_squared_": 0.9322807078796566, "error_": 0.04060232812850433}