{"freq_range": [5.319148936170213, 39.8936170212766], "freq_res": 0.6648936170212769, "aperiodic_params_": [-11.62702183731403, 0.32159256473853903], "gaussian_params_": [[9.605232698195742, 0.13898595526502247, 1.243168505578126], [11.815229735354867, 0.4372338500182457, 0.700000000000004], [26.107618447092484, 0.30955218076261515, 3.9999999999999996]], "peak_params_": [[9.605232698195742, 0.13584654245501326, 2.486337011156252], [11.815229735354867, 0.4503623102798766, 1.400000000000008], [26.107618447092484, 0.3092500630852051, 7.999999999999999]], "r_squared_": 0.9206222684956776, "error_": 0.0346817913489886}