{"freq_range": [5.319148936170213, 39.8936170212766], "freq_res": 0.6648936170212769, "aperiodic_params_": [-11.91935228816029, 0.6069145199746788], "gaussian_params_": [[7.362982053021403, 0.16207578164984213, 2.744576432036465], [21.95863527602295, 0.25511616676779036, 2.511410681343491], [28.64224330425053, 0.21276157415749877, 2.728605799097438], [32.979845179659215, 0.10673664399854181, 0.9286272319208358]], "peak_params_": [[7.362982053021403, 0.16204980317990803, 5.48915286407293], [21.95863527602295, 0.2655419031987698, 5.022821362686982], [28.64224330425053, 0.22053285935867706, 5.457211598194876], [32.979845179659215, 0.1537906259234152, 1.8572544638416717]], "r_squared_": 0.9457097155739419, "error_": 0.03319773853819893}