{"freq_range": [5.319148936170213, 39.8936170212766], "freq_res": 0.6648936170212769, "aperiodic_params_": [-11.461453801162662, 0.7487155662244968], "gaussian_params_": [[11.472436568069076, 0.2656059678313649, 0.7000000000000001], [20.093161248363916, 0.1698937781340121, 0.8472295821225444], [23.184340558334682, 0.20371814198398075, 1.3684277436637222], [28.113588581634048, 0.237903820364833, 2.812372546787612]], "peak_params_": [[11.472436568069076, 0.25795507367070947, 1.4000000000000001], [20.093161248363916, 0.18329217039664059, 1.6944591642450888], [23.184340558334682, 0.2574895557529633, 2.7368554873274444], [28.113588581634048, 0.23787646864586698, 5.624745093575224]], "r_squared_": 0.9132924383359198, "error_": 0.0386114163364437}