{"freq_range": [5.319148936170213, 39.8936170212766], "freq_res": 0.6648936170212769, "aperiodic_params_": [-10.75464004139327, 1.0358277567373948], "gaussian_params_": [[11.515908243831174, 0.8445145340985322, 1.3233760701328385], [23.13653336829829, 0.2049968486204483, 1.9999999999999998], [29.299051487549868, 0.27981909195939497, 1.9999999999999998]], "peak_params_": [[11.515908243831174, 0.8336749752935653, 2.646752140265677], [23.13653336829829, 0.2075135172888043, 3.9999999999999996], [29.299051487549868, 0.28165448321184705, 3.9999999999999996]], "r_squared_": 0.9809357985719076, "error_": 0.0398678186352875}