{"freq_range": [5.319148936170213, 39.8936170212766], "freq_res": 0.6648936170212769, "aperiodic_params_": [-11.060394096071747, 0.6849669307921937], "gaussian_params_": [[11.601737281315712, 0.4493272556916121, 0.9115014426512816]], "peak_params_": [[11.601737281315712, 0.4258609594421525, 1.8230028853025633]], "r_squared_": 0.9417429867575351, "error_": 0.039792339513664884}