{"freq_range": [5.319148936170213, 39.8936170212766], "freq_res": 0.6648936170212769, "aperiodic_params_": [-11.293719438518414, 0.6678601167809105], "gaussian_params_": [[11.233888419311954, 0.5175251516687814, 1.006493116215973], [24.521617656285603, 0.2087278140633943, 3.8957977865422215]], "peak_params_": [[11.233888419311954, 0.5169599951237274, 2.012986232431946], [24.521617656285603, 0.20868441720072717, 7.791595573084443]], "r_squared_": 0.9117886727012681, "error_": 0.049222998661796566}