{"freq_range": [5.319148936170213, 39.8936170212766], "freq_res": 0.6648936170212769, "aperiodic_params_": [-12.600687252367328, -0.3529003996955658], "gaussian_params_": [[18.841366596383345, 0.15301742537244337, 0.7000061750279236], [21.56716697613982, 0.2713486577451768, 1.9869735893864182], [25.231075938707036, 0.3612585263499105, 3.0276468764200537]], "peak_params_": [[18.841366596383345, 0.2687102585601906, 1.4000123500558472], [21.56716697613982, 0.42277096341558895, 3.9739471787728364], [25.231075938707036, 0.4092141921780357, 6.055293752840107]], "r_squared_": 0.8817526067886104, "error_": 0.059780431858621766}