{"freq_range": [5.319148936170213, 39.8936170212766], "freq_res": 0.6648936170212769, "aperiodic_params_": [-11.737899013645315, 0.6520917620284972], "gaussian_params_": [[11.72049196402792, 0.3649084787200274, 0.7834596672751648], [22.912181278420192, 0.2559924584748785, 2.5383527427290735], [29.719151465864236, 0.2827068751523077, 2.985462881879495]], "peak_params_": [[11.72049196402792, 0.347157429551574, 1.5669193345503296], [22.912181278420192, 0.2706906844618455, 5.076705485458147], [29.719151465864236, 0.2877296263338902, 5.97092576375899]], "r_squared_": 0.891940366558657, "error_": 0.04384819918751889}