{"freq_range": [5.319148936170213, 39.8936170212766], "freq_res": 0.6648936170212769, "aperiodic_params_": [-10.916047864090864, 1.1009116640442296], "gaussian_params_": [[11.469261023394743, 0.6435186636752647, 1.1535971958799853], [23.372610496769735, 0.19988655941904565, 2.696728897392392], [27.92569543856153, 0.12153467514257033, 0.9738441275866386], [30.739780714099457, 0.16955774664418086, 2.304867821564378]], "peak_params_": [[11.469261023394743, 0.6368939189722322, 2.3071943917599707], [23.372610496769735, 0.20063673002000293, 5.393457794784784], [27.92569543856153, 0.2500602970335155, 1.9476882551732773], [30.739780714099457, 0.17768714866224933, 4.609735643128756]], "r_squared_": 0.9804982063290416, "error_": 0.03542929910557033}