{"freq_range": [5.319148936170213, 39.8936170212766], "freq_res": 0.6648936170212769, "aperiodic_params_": [-10.76322262606201, 1.0421758142896609], "gaussian_params_": [[11.478101264732928, 0.8161279250966247, 1.2914640235445862], [26.983703398662765, 0.2595925862170905, 3.9999999999999925]], "peak_params_": [[11.478101264732928, 0.8087966267541997, 2.5829280470891725], [26.983703398662765, 0.25897117747101817, 7.999999999999985]], "r_squared_": 0.9716834979355646, "error_": 0.0467785818657669}