{"freq_range": [5.319148936170213, 39.8936170212766], "freq_res": 0.6648936170212769, "aperiodic_params_": [-11.600759848920102, 0.4897006637378699], "gaussian_params_": [[9.868085106382981, 0.16533030839622412, 2.620953579999122], [19.818959829071986, 0.19827763854063674, 0.7804080433532602], [22.11253496548355, 0.312190881909716, 0.8072632565961592], [24.09573595526384, 0.21913717936452567, 0.7000000000000001], [27.6855885137361, 0.28262159293370304, 2.6726068138643626]], "peak_params_": [[9.868085106382981, 0.16519688163837287, 5.241907159998244], [19.818959829071986, 0.20854880222948147, 1.5608160867065204], [22.11253496548355, 0.3401615088893859, 1.6145265131923183], [24.09573595526384, 0.3434941810993912, 1.4000000000000001], [27.6855885137361, 0.28148495667958784, 5.345213627728725]], "r_squared_": 0.7769996873072076, "error_": 0.05900897582524711}