{"freq_range": [5.319148936170213, 39.8936170212766], "freq_res": 0.6648936170212769, "aperiodic_params_": [-12.190010150783069, -0.13927138537217365], "gaussian_params_": [[24.269644653222045, 0.45122691741289433, 3.891525342537755]], "peak_params_": [[24.269644653222045, 0.44959351458689945, 7.78305068507551]], "r_squared_": 0.8004662485397337, "error_": 0.06053006011651655}