{"freq_range": [5.319148936170213, 39.8936170212766], "freq_res": 0.6648936170212769, "aperiodic_params_": [-12.17570135577592, 0.31862716245775735], "gaussian_params_": [[6.543617865542457, 0.20975492349102048, 2.4246785035926783], [19.86313574903606, 0.20722029109982087, 1.3376870858462098], [24.28816905157047, 0.29904332198085176, 2.664023338702941], [29.950540700781275, 0.1558204778647449, 2.459562843208087]], "peak_params_": [[6.543617865542457, 0.2095571461488408, 4.849357007185357], [19.86313574903606, 0.2861164034367665, 2.6753741716924195], [24.28816905157047, 0.3120145048731757, 5.328046677405882], [29.950540700781275, 0.18781240140425837, 4.919125686416174]], "r_squared_": 0.9318569277234992, "error_": 0.032137137882710755}