{"freq_range": [5.319148936170213, 39.8936170212766], "freq_res": 0.6648936170212769, "aperiodic_params_": [-11.30325845550008, 1.0119818024090308], "gaussian_params_": [[11.475587764304462, 0.6048116591693127, 0.9163790326086024], [27.15446038011834, 0.3004718373327387, 3.9999999999999996]], "peak_params_": [[11.475587764304462, 0.5943199252100531, 1.8327580652172049], [27.15446038011834, 0.3003659983388136, 7.999999999999999]], "r_squared_": 0.962664188030899, "error_": 0.04390058935813956}