{"freq_range": [5.319148936170213, 39.8936170212766], "freq_res": 0.6648936170212769, "aperiodic_params_": [-11.352771517538404, 0.37780261732697923], "gaussian_params_": [[11.444268406448456, 0.5154635073694089, 1.127596627967639], [21.82918445323552, 0.1437033879392106, 1.3498670342030208], [27.00794547384538, 0.1660920103977046, 3.3896982244992713]], "peak_params_": [[11.444268406448456, 0.5114485395438866, 2.255193255935278], [21.82918445323552, 0.1975617316770446, 2.6997340684060416], [27.00794547384538, 0.1656749750356621, 6.7793964489985425]], "r_squared_": 0.896191606459923, "error_": 0.04198656304936613}