{"freq_range": [5.319148936170213, 39.8936170212766], "freq_res": 0.6648936170212769, "aperiodic_params_": [-10.783574779101537, 1.300260476274506], "gaussian_params_": [[11.47528424837249, 0.6564117973255431, 1.1228481162469008], [21.84325027968529, 0.18865254532235287, 2.206212528601667], [29.034545641726396, 0.3230145985898296, 3.0237665213516314]], "peak_params_": [[11.47528424837249, 0.6487494337116164, 2.2456962324938017], [21.84325027968529, 0.20908810715422632, 4.412425057203334], [29.034545641726396, 0.32282263857168303, 6.047533042703263]], "r_squared_": 0.9781342140604568, "error_": 0.04282341034824157}