{"freq_range": [5.319148936170213, 39.8936170212766], "freq_res": 0.6648936170212769, "aperiodic_params_": [-11.278008534412331, 0.7243905370901887], "gaussian_params_": [[11.405075180191478, 0.7293907320314124, 0.9522899164686408], [19.904355838684623, 0.12845975588771322, 1.061423304682634], [23.473224816765395, 0.2076233384638461, 1.524458719990348], [27.631530909167285, 0.23646284941563608, 1.947532314075152], [33.11060046071769, 0.12586808373304095, 1.0860783196873844]], "peak_params_": [[11.405075180191478, 0.7252281862614272, 1.9045798329372816], [19.904355838684623, 0.1427548412195243, 2.122846609365268], [23.473224816765395, 0.2259377533436595, 3.048917439980696], [27.631530909167285, 0.23670294822797366, 3.895064628150304], [33.11060046071769, 0.1286272473605603, 2.172156639374769]], "r_squared_": 0.9791422559159573, "error_": 0.02622938359707349}