{"freq_range": [5.319148936170213, 39.8936170212766], "freq_res": 0.6648936170212769, "aperiodic_params_": [-11.267060892359156, 0.6674606307076071], "gaussian_params_": [[11.59155123377106, 0.4026553324677642, 0.8198871393935548], [20.627596104562798, 0.204415836464578, 1.5245175995913718], [27.10987869496285, 0.18104727235973347, 3.1283682997665125]], "peak_params_": [[11.59155123377106, 0.3785066098206329, 1.6397742787871097], [20.627596104562798, 0.2253397771939163, 3.0490351991827436], [27.10987869496285, 0.18085300608994714, 6.256736599533025]], "r_squared_": 0.909489093159295, "error_": 0.03911922004831573}