{"freq_range": [5.319148936170213, 39.8936170212766], "freq_res": 0.6648936170212769, "aperiodic_params_": [-11.088429184646431, 0.6220629008889121], "gaussian_params_": [[11.598586759572596, 0.5699815398054421, 0.9170043598789086], [25.301185888509416, 0.14349615400971488, 3.756150748891701]], "peak_params_": [[11.598586759572596, 0.5413010223224735, 1.8340087197578172], [25.301185888509416, 0.14348984296069744, 7.512301497783402]], "r_squared_": 0.9503111788828755, "error_": 0.03398163491985784}