{"freq_range": [5.319148936170213, 39.8936170212766], "freq_res": 0.6648936170212769, "aperiodic_params_": [-11.373119144882228, 0.8797598975314818], "gaussian_params_": [[11.047776366618967, 0.3508916800466131, 1.0402608802542572], [21.591580511210232, 0.14208244562653505, 2.052430147616959], [27.75592582867885, 0.2185355212658611, 3.630134035529136]], "peak_params_": [[11.047776366618967, 0.3404808217195967, 2.0805217605085145], [21.591580511210232, 0.18485556884970755, 4.104860295233918], [27.75592582867885, 0.21951180915384683, 7.260268071058272]], "r_squared_": 0.9395458945841979, "error_": 0.04394842537863967}