{"freq_range": [5.319148936170213, 39.8936170212766], "freq_res": 0.6648936170212769, "aperiodic_params_": [-11.674123148830773, 0.643065248106989], "gaussian_params_": [[8.883626542651891, 0.2912798575347753, 2.5324331704343486], [22.405353012007783, 0.1656215691501292, 1.8901350349995685], [28.004983002684604, 0.22106792086175156, 3.013988824201074]], "peak_params_": [[8.883626542651891, 0.2899746292662986, 5.064866340868697], [22.405353012007783, 0.20913492236925535, 3.780270069999137], [28.004983002684604, 0.22331906639934296, 6.027977648402148]], "r_squared_": 0.924497426224054, "error_": 0.04190669398138893}