{"freq_range": [5.319148936170213, 39.8936170212766], "freq_res": 0.6648936170212769, "aperiodic_params_": [-11.814511759861148, 0.8935070847084798], "gaussian_params_": [[27.816850729983706, 0.3638784638816194, 3.9999999999999996]], "peak_params_": [[27.816850729983706, 0.36374417657773606, 7.999999999999999]], "r_squared_": 0.8543755385383782, "error_": 0.06330485236433743}