{"freq_range": [5.319148936170213, 39.8936170212766], "freq_res": 0.6648936170212769, "aperiodic_params_": [-10.584502561352666, 1.1629781382567417], "gaussian_params_": [[11.642443500245973, 0.9957668930460752, 1.3820330366282914], [21.212811966936094, 0.05945123841455727, 1.491450357425384], [26.172573957338837, 0.19316490862039476, 1.854601691329228], [28.806738996135795, 0.2027752068113294, 0.8549580844202291], [31.57500952275148, 0.12361918496066551, 0.9184807863854941]], "peak_params_": [[11.642443500245973, 0.9685049606016367, 2.7640660732565827], [21.212811966936094, 0.06532074676091781, 2.982900714850768], [26.172573957338837, 0.1926382560161759, 3.709203382658456], [28.806738996135795, 0.279594064453617, 1.7099161688404583], [31.57500952275148, 0.12408751727523004, 1.8369615727709883]], "r_squared_": 0.9886839175952955, "error_": 0.03208440498157968}