{"freq_range": [5.319148936170213, 39.8936170212766], "freq_res": 0.6648936170212769, "aperiodic_params_": [-11.946855453917307, 0.168748388209037], "gaussian_params_": [[7.126484988744811, 0.19202195873332106, 2.2173423542968766], [22.183988378336547, 0.38888172372370616, 2.391333027379236], [27.577331994079383, 0.2780108398771141, 2.3953855446213046], [31.467402362575122, 0.08854852571207816, 0.7000000000000001]], "peak_params_": [[7.126484988744811, 0.19133779060041078, 4.434684708593753], [22.183988378336547, 0.40434617128140893, 4.782666054758472], [27.577331994079383, 0.3164391221309941, 4.790771089242609], [31.467402362575122, 0.1704950055353649, 1.4000000000000001]], "r_squared_": 0.9230012532774394, "error_": 0.03288316402558479}