{"freq_range": [5.319148936170213, 39.8936170212766], "freq_res": 0.6648936170212769, "aperiodic_params_": [-10.958073034434822, 0.8216785046672194], "gaussian_params_": [[11.667625604031123, 0.8527005143667923, 1.1663769557671542], [25.28868789831551, 0.23505054584852356, 3.755191046334019]], "peak_params_": [[11.667625604031123, 0.8253082275867776, 2.3327539115343083], [25.28868789831551, 0.23504623979581396, 7.510382092668038]], "r_squared_": 0.974528601457576, "error_": 0.03773737846593935}