{"freq_range": [5.319148936170213, 39.8936170212766], "freq_res": 0.6648936170212769, "aperiodic_params_": [-11.128304443708885, 0.8730508573657311], "gaussian_params_": [[8.578476462722861, 0.07374068511227419, 0.7000000000000001], [11.605697710428567, 0.4421238414669911, 1.003483345580273], [22.190872726759583, 0.24537094215817823, 1.770029162683296], [28.462880904358588, 0.33701586335214523, 2.920058193099684]], "peak_params_": [[8.578476462722861, 0.07909119935455422, 1.4000000000000001], [11.605697710428567, 0.42252205912400065, 2.006966691160546], [22.190872726759583, 0.2707826546277641, 3.540058325366592], [28.462880904358588, 0.33705040644795936, 5.840116386199368]], "r_squared_": 0.9842967484347751, "error_": 0.02453393429956935}