{"freq_range": [5.319148936170213, 39.8936170212766], "freq_res": 0.6648936170212769, "aperiodic_params_": [-10.477258321827481, 1.3093086840449308], "gaussian_params_": [[11.41784490595046, 1.0681278641366085, 1.249009916548553], [14.281759009058044, 0.10217937219409473, 0.7500000000001364], [22.611135903141477, 0.16651732338746716, 1.9999999999999998], [27.989680212402654, 0.27183675351851194, 1.2602054385584094], [31.17586309047794, 0.19372573717422292, 0.7500000000000001]], "peak_params_": [[11.41784490595046, 1.0636755246531706, 2.498019833097106], [14.281759009058044, 0.22735957356704262, 1.500000000000273], [22.611135903141477, 0.16654648898496482, 3.9999999999999996], [27.989680212402654, 0.2763790400534436, 2.5204108771168188], [31.17586309047794, 0.2023657856781238, 1.5000000000000002]], "r_squared_": 0.9859559784589028, "error_": 0.03972795983859886}