{"freq_range": [5.319148936170213, 39.8936170212766], "freq_res": 0.6648936170212769, "aperiodic_params_": [-11.13874982657458, 0.6395929044038866], "gaussian_params_": [[11.300555142262668, 0.7767264587215839, 1.1127193730707299], [21.07797590026574, 0.12794817913363762, 1.1280606465615453], [23.146701322104636, 0.14016009315402633, 0.7232085436042154], [27.859101130634354, 0.14009511048248144, 3.050953015079757]], "peak_params_": [[11.300555142262668, 0.7767243351635607, 2.2254387461414598], [21.07797590026574, 0.14459606389752366, 2.2561212931230905], [23.146701322104636, 0.2026499152765009, 1.4464170872084308], [27.859101130634354, 0.14006190636519023, 6.101906030159514]], "r_squared_": 0.9690326156900779, "error_": 0.03366230567630929}