{"freq_range": [5.319148936170213, 39.8936170212766], "freq_res": 0.6648936170212769, "aperiodic_params_": [-10.812905289775816, 1.0714256087898917], "gaussian_params_": [[22.229636182799798, 0.15814468642113055, 1.5134773021942611], [28.212845459665697, 0.2964633636897154, 3.3694979816718984]], "peak_params_": [[22.229636182799798, 0.20775460150342973, 3.0269546043885223], [28.212845459665697, 0.2955204440573329, 6.738995963343797]], "r_squared_": 0.9049517173543886, "error_": 0.051491771523880146}