{"freq_range": [5.319148936170213, 39.8936170212766], "freq_res": 0.6648936170212769, "aperiodic_params_": [-11.887786459733936, 0.541824312029664], "gaussian_params_": [[25.015397749439835, 0.3190462988346351, 3.9999999999999996]], "peak_params_": [[25.015397749439835, 0.31842098186150025, 7.999999999999999]], "r_squared_": 0.779706491791373, "error_": 0.05808623912123577}