{"freq_range": [5.319148936170213, 39.8936170212766], "freq_res": 0.6648936170212769, "aperiodic_params_": [-11.054250440105921, 1.2652281821645595], "gaussian_params_": [[7.998019125042457, 0.950615950204193, 1.0454832445683766], [18.105859885599926, 0.18612201883616217, 0.7000000000000001], [20.79600015482848, 0.14927785954283765, 1.502955960503005], [25.293719554113814, 0.16640663771851533, 1.90117928737073]], "peak_params_": [[7.998019125042457, 0.9504540579850005, 2.090966489136753], [18.105859885599926, 0.20670224979583374, 1.4000000000000001], [20.79600015482848, 0.15648730709428094, 3.00591192100601], [25.293719554113814, 0.1681805564862806, 3.80235857474146]], "r_squared_": 0.9793980468206595, "error_": 0.0491456354714961}