{"freq_range": [5.319148936170213, 39.8936170212766], "freq_res": 0.6648936170212769, "aperiodic_params_": [-9.483148440702058, 2.205522560263395], "gaussian_params_": [[8.272253326212713, 1.2097126811975054, 0.9145219891229659]], "peak_params_": [[8.272253326212713, 1.1489787240686127, 1.8290439782459318]], "r_squared_": 0.9754941727000795, "error_": 0.08900906025456763}