{"freq_range": [5.319148936170213, 39.8936170212766], "freq_res": 0.6648936170212769, "aperiodic_params_": [-10.966815272212738, 0.7281569486346559], "gaussian_params_": [[7.781700129449123, 0.7072494410859926, 1.0274660631406936], [24.547997640765644, 0.09627078343976847, 3.999999999999786], [27.844977074669472, 0.08870395667840693, 0.7000000000000001]], "peak_params_": [[7.781700129449123, 0.6943833618813802, 2.054932126281387], [24.547997640765644, 0.09626423770408188, 7.999999999999572], [27.844977074669472, 0.15552043378082558, 1.4000000000000001]], "r_squared_": 0.950492032878253, "error_": 0.05005503431385621}