{"freq_range": [5.319148936170213, 39.8936170212766], "freq_res": 0.6648936170212769, "aperiodic_params_": [-9.753147650342214, 2.0761557339683883], "gaussian_params_": [[8.253842877605859, 1.4380363195669292, 0.9063233291745404]], "peak_params_": [[8.253842877605859, 1.3732847956876988, 1.8126466583490808]], "r_squared_": 0.9722246792047522, "error_": 0.09790618929553574}