{"freq_range": [5.319148936170213, 39.8936170212766], "freq_res": 0.6648936170212769, "aperiodic_params_": [-9.965889022544989, 1.934550894310512], "gaussian_params_": [[8.17481100769633, 1.3688682296045616, 0.9130514162110314], [21.90475563478726, 0.2705041192287861, 3.514755073017981]], "peak_params_": [[8.17481100769633, 1.3377673432529864, 1.8261028324220627], [21.90475563478726, 0.27048934612050424, 7.029510146035962]], "r_squared_": 0.992519918392834, "error_": 0.04447783657891493}