{"freq_range": [5.319148936170213, 39.8936170212766], "freq_res": 0.6648936170212769, "aperiodic_params_": [-11.243457965627329, 0.9262899014700914], "gaussian_params_": [[7.834760802056695, 0.7793476993753465, 1.1717554428711454], [18.173666346221793, 0.13709524886977964, 0.7000000000000001], [21.428202603017766, 0.13702059617348203, 0.869172573247206]], "peak_params_": [[7.834760802056695, 0.7734878180555498, 2.343510885742291], [18.173666346221793, 0.13044456632265167, 1.4000000000000001], [21.428202603017766, 0.13495938511757366, 1.738345146494412]], "r_squared_": 0.984854451450535, "error_": 0.03309800077150556}