{"freq_range": [5.319148936170213, 39.8936170212766], "freq_res": 0.6648936170212769, "aperiodic_params_": [-10.44264021810856, 1.8050899187768537], "gaussian_params_": [[8.19475924597812, 1.4810702060140493, 1.0738056805731735], [18.021280154727435, 0.361799737956671, 1.3152092004068276], [23.037744222532087, 0.23576051482226054, 3.2055082445746046]], "peak_params_": [[8.19475924597812, 1.4514012013326436, 2.147611361146347], [18.021280154727435, 0.4282727988402595, 2.6304184008136553], [23.037744222532087, 0.23526111406753358, 6.411016489149209]], "r_squared_": 0.9943042713231212, "error_": 0.040589032355556005}