{"freq_range": [5.319148936170213, 39.8936170212766], "freq_res": 0.6648936170212769, "aperiodic_params_": [-9.43664286557805, 2.0563588409231217], "gaussian_params_": [[8.152107991461007, 0.8768173224406823, 0.739508775449887]], "peak_params_": [[8.152107991461007, 0.8530457067912067, 1.479017550899774]], "r_squared_": 0.9788296709474356, "error_": 0.06874258798982508}