{"freq_range": [5.319148936170213, 39.8936170212766], "freq_res": 0.6648936170212769, "aperiodic_params_": [-11.2371477153702, 1.1012122979584542], "gaussian_params_": [[7.760789464004138, 0.8350168120162436, 1.213240853955911], [21.071211311798447, 0.22155258595185512, 2.4573520441121817], [26.285439798319423, 0.17263697850688706, 1.1192542113604582]], "peak_params_": [[7.760789464004138, 0.8216533997513125, 2.426481707911822], [21.071211311798447, 0.22078783533600088, 4.914704088224363], [26.285439798319423, 0.18382762120244145, 2.2385084227209164]], "r_squared_": 0.9770259810727735, "error_": 0.05076212203586891}