{"freq_range": [5.319148936170213, 39.8936170212766], "freq_res": 0.6648936170212769, "aperiodic_params_": [-11.450831501537667, 1.3170856492320626], "gaussian_params_": [[7.796101720613915, 0.9840150567279212, 1.0771403259995378], [19.218131115874602, 0.11190918754459533, 0.7000000000014663], [23.936937614776205, 0.2621911264579526, 2.3825643755912744]], "peak_params_": [[7.796101720613915, 0.9699735191775272, 2.1542806519990756], [19.218131115874602, 0.15032372050274567, 1.4000000000029327], [23.936937614776205, 0.26219111287305985, 4.765128751182549]], "r_squared_": 0.9760036381324387, "error_": 0.05508044068691683}