{"freq_range": [5.319148936170213, 39.8936170212766], "freq_res": 0.6648936170212769, "aperiodic_params_": [-9.48386498228629, 2.081137432260865], "gaussian_params_": [[8.117842963430688, 0.9308286033381203, 0.7767005848710906]], "peak_params_": [[8.117842963430688, 0.9160160413180023, 1.5534011697421812]], "r_squared_": 0.9754700665941598, "error_": 0.07305945334434194}