{"freq_range": [5.319148936170213, 39.8936170212766], "freq_res": 0.6648936170212769, "aperiodic_params_": [-11.975293380060306, 0.412809276216223], "gaussian_params_": [[7.838504263060453, 0.6702862034500783, 0.8726122157405692]], "peak_params_": [[7.838504263060453, 0.6616881160199011, 1.7452244314811385]], "r_squared_": 0.8820886009066534, "error_": 0.05826988121820959}