{"freq_range": [5.319148936170213, 39.8936170212766], "freq_res": 0.6648936170212769, "aperiodic_params_": [-9.526762610315501, 2.0022444534917927], "gaussian_params_": [[8.124854520836644, 0.7945725407585754, 0.7523607770194675]], "peak_params_": [[8.124854520836644, 0.7797252527966929, 1.504721554038935]], "r_squared_": 0.9781765395829769, "error_": 0.06863806478695653}