{"freq_range": [5.319148936170213, 39.8936170212766], "freq_res": 0.6648936170212769, "aperiodic_params_": [-9.352114122217571, 2.161577142468935], "gaussian_params_": [[8.198929872978136, 0.9275264864811592, 0.7792442874309263]], "peak_params_": [[8.198929872978136, 0.8912213810106309, 1.5584885748618527]], "r_squared_": 0.9713318084392262, "error_": 0.07842696608696206}