{"freq_range": [5.319148936170213, 39.8936170212766], "freq_res": 0.6648936170212769, "aperiodic_params_": [-10.315128866982644, 1.5537111664913419], "gaussian_params_": [[8.174081307052122, 1.0201069490194863, 0.9926118844079485]], "peak_params_": [[8.174081307052122, 1.0005401433646526, 1.985223768815897]], "r_squared_": 0.9876445847772274, "error_": 0.04650381263899803}