{"freq_range": [5.319148936170213, 39.8936170212766], "freq_res": 0.6648936170212769, "aperiodic_params_": [-10.623700440432312, 1.6287893294481386], "gaussian_params_": [[8.108230210181203, 1.3097314057416816, 1.073415629121781], [21.952221939923994, 0.3173766796653456, 3.3923028905773576]], "peak_params_": [[8.108230210181203, 1.3002992550184906, 2.146831258243562], [21.952221939923994, 0.3173750912546236, 6.784605781154715]], "r_squared_": 0.9878552560461644, "error_": 0.049419879073778254}