{"freq_range": [5.319148936170213, 39.8936170212766], "freq_res": 0.6648936170212769, "aperiodic_params_": [-10.640523802320754, 1.3088199642709917], "gaussian_params_": [[8.021328767338373, 0.9689377569772232, 1.0134685776546366], [19.229219865348988, 0.15960144796237388, 1.3975635547424878], [22.83039467537466, 0.1519677205072709, 0.9897882762897876], [25.821902943410972, 0.21495099752041608, 0.8133637850379675]], "peak_params_": [[8.021328767338373, 0.9680819378624843, 2.026937155309273], [19.229219865348988, 0.15973395447961458, 2.7951271094849757], [22.83039467537466, 0.15682279156046341, 1.9795765525795752], [25.821902943410972, 0.21415767691568277, 1.626727570075935]], "r_squared_": 0.9878747905080352, "error_": 0.03913134956865116}