{"freq_range": [5.319148936170213, 39.8936170212766], "freq_res": 0.6648936170212769, "aperiodic_params_": [-10.529776847993823, 1.3335029936408345], "gaussian_params_": [[7.899732010291295, 0.7798793254617212, 0.9099357268649738], [22.407209871032734, 0.1098097865267297, 2.8255625866752703]], "peak_params_": [[7.899732010291295, 0.7769465271889402, 1.8198714537299476], [22.407209871032734, 0.10953731368626052, 5.6511251733505405]], "r_squared_": 0.9906785328078119, "error_": 0.032340764678287844}