{"freq_range": [5.319148936170213, 39.8936170212766], "freq_res": 0.6648936170212769, "aperiodic_params_": [-10.553958247735611, 1.1346019866538655], "gaussian_params_": [[8.094081383446397, 1.0475724628176595, 0.9445022043501916]], "peak_params_": [[8.094081383446397, 1.0397880691565256, 1.8890044087003832]], "r_squared_": 0.9876389198385632, "error_": 0.03945762893657244}