{"freq_range": [5.319148936170213, 39.8936170212766], "freq_res": 0.6648936170212769, "aperiodic_params_": [-11.025816826755117, 0.7843744264567365], "gaussian_params_": [[7.976396903795668, 0.764207088929951, 1.0409398296968846], [31.195807334769256, 0.11659336730567998, 2.2019265545666844], [35.7311103900066, 0.10198234942370692, 0.7000000000000001], [38.35106098153693, 0.19257769221521825, 1.0719211702465545]], "peak_params_": [[7.976396903795668, 0.7642051802392551, 2.081879659393769], [31.195807334769256, 0.11655806109040512, 4.403853109133369], [35.7311103900066, 0.12499050158552727, 1.4000000000000001], [38.35106098153693, 0.18928125787847883, 2.143842340493109]], "r_squared_": 0.9846271031856235, "error_": 0.02662838434294409}