{"freq_range": [5.319148936170213, 39.8936170212766], "freq_res": 0.6648936170212769, "aperiodic_params_": [-11.780392532257942, 0.23179806970357605], "gaussian_params_": [[7.682132894918448, 0.7598699693329025, 1.3548469913421375], [22.183508500378863, 0.22997199376813351, 2.9430646496480883], [39.89361702127659, 0.13951155657917208, 3.693587078009859]], "peak_params_": [[7.682132894918448, 0.7418811732133097, 2.709693982684275], [22.183508500378863, 0.22919676241239628, 5.886129299296177], [39.89361702127659, 0.13951155973065, 7.387174156019718]], "r_squared_": 0.940739107670158, "error_": 0.04822182428811685}