{"freq_range": [5.319148936170213, 39.8936170212766], "freq_res": 0.6648936170212769, "aperiodic_params_": [-9.43512590387924, 2.1262194332262356], "gaussian_params_": [[8.19492929753206, 0.8940858223276572, 0.7829862183663551]], "peak_params_": [[8.19492929753206, 0.8606413889738356, 1.5659724367327101]], "r_squared_": 0.968623460536874, "error_": 0.08244404587699011}