{"freq_range": [5.319148936170213, 39.8936170212766], "freq_res": 0.6648936170212769, "aperiodic_params_": [-11.359638290948615, 0.6571767422507213], "gaussian_params_": [[7.820467916991101, 0.7609644609890645, 1.1467627435366394]], "peak_params_": [[7.820467916991101, 0.753752743749672, 2.293525487073279]], "r_squared_": 0.9446519034742269, "error_": 0.056246409975523416}