{"freq_range": [5.319148936170213, 39.8936170212766], "freq_res": 0.6648936170212769, "aperiodic_params_": [-10.118544077608428, 1.6364697894497044], "gaussian_params_": [[8.085498031053667, 1.0555461784543103, 0.9432524669850465], [18.70935137253936, 0.14093856015780376, 0.9079614161977754], [23.32965237010381, 0.1760547620990233, 3.513595219761087]], "peak_params_": [[8.085498031053667, 1.0488175915918365, 1.886504933970093], [18.70935137253936, 0.21182720542662636, 1.8159228323955507], [23.32965237010381, 0.17603093012643356, 7.027190439522174]], "r_squared_": 0.9936408166667499, "error_": 0.03109043851216936}