{"freq_range": [5.319148936170213, 39.8936170212766], "freq_res": 0.6648936170212769, "aperiodic_params_": [-11.456878079438333, 1.363018971246548], "gaussian_params_": [[7.787178910085758, 1.1436951830213378, 1.1003341519487417], [23.415423458316127, 0.23198371327749287, 3.0727825759810212]], "peak_params_": [[7.787178910085758, 1.1264976923495453, 2.2006683038974835], [23.415423458316127, 0.23172859867544737, 6.1455651519620424]], "r_squared_": 0.9814737489817202, "error_": 0.053533930594266636}