{"freq_range": [5.319148936170213, 39.8936170212766], "freq_res": 0.6648936170212769, "aperiodic_params_": [-11.301798856163975, 0.8194625709589248], "gaussian_params_": [[7.926257888223863, 0.7677181730586671, 0.9548635387337453]], "peak_params_": [[7.926257888223863, 0.7665601709280594, 1.9097270774674906]], "r_squared_": 0.9754906893667559, "error_": 0.04093979418862903}