{"freq_range": [5.319148936170213, 39.8936170212766], "freq_res": 0.6648936170212769, "aperiodic_params_": [-12.958587942097676, -0.24508634711727223], "gaussian_params_": [[17.956137280934442, 0.41143843983802086, 2.686911955896014]], "peak_params_": [[17.956137280934442, 0.41143798172305424, 5.373823911792028]], "r_squared_": 0.32133819096453325, "error_": 0.10813680734580264}