{"freq_range": [5.319148936170213, 39.8936170212766], "freq_res": 0.6648936170212769, "aperiodic_params_": [-11.22859453651505, 0.5650394747197794], "gaussian_params_": [[7.946515255015673, 0.8195771805728046, 0.8710449054762063]], "peak_params_": [[7.946515255015673, 0.8190170853450986, 1.7420898109524126]], "r_squared_": 0.9589973619292222, "error_": 0.04686557746394153}