{"freq_range": [5.319148936170213, 39.8936170212766], "freq_res": 0.6648936170212769, "aperiodic_params_": [-10.74778414235076, 1.169784418608176], "gaussian_params_": [[8.055430664918813, 0.825885214987436, 1.156874221889064], [18.80105647660382, 0.08242063629592149, 0.7000000000000001], [23.58429031691025, 0.08357611420548015, 2.3352880215507272]], "peak_params_": [[8.055430664918813, 0.82407173360364, 2.313748443778128], [18.80105647660382, 0.08832316419550779, 1.4000000000000001], [23.58429031691025, 0.08282872157398913, 4.6705760431014545]], "r_squared_": 0.9900739721336131, "error_": 0.03279239998443745}