{"freq_range": [5.319148936170213, 39.8936170212766], "freq_res": 0.6648936170212769, "aperiodic_params_": [-12.473372242890589, -0.2682661435378231], "gaussian_params_": [[7.509507975116487, 0.6011371105104525, 0.9655386416856053], [17.88630769070423, 0.23581520146412815, 2.6583472264694423]], "peak_params_": [[7.509507975116487, 0.589004740259373, 1.9310772833712107], [17.88630769070423, 0.23574292994642398, 5.316694452938885]], "r_squared_": 0.7118980994435702, "error_": 0.0628362320650348}