{"freq_range": [5.319148936170213, 39.8936170212766], "freq_res": 0.6648936170212769, "aperiodic_params_": [-13.145678774033362, -0.245306553350211], "gaussian_params_": [[6.947677989745515, 0.4690287497901094, 1.2860802235787103], [17.961675239010237, 0.2921646258555402, 2.587309026465898]], "peak_params_": [[6.947677989745515, 0.4565646089738795, 2.5721604471574206], [17.961675239010237, 0.2921626366204517, 5.174618052931796]], "r_squared_": 0.7803684978617995, "error_": 0.05062695076603338}