{"freq_range": [5.319148936170213, 39.8936170212766], "freq_res": 0.6648936170212769, "aperiodic_params_": [-10.900085903969366, 0.8027539688036888], "gaussian_params_": [[7.934882991631582, 0.8933747953723233, 0.917921655611095], [23.640506663185516, 0.11763199900025556, 0.7000000000000001], [25.804303883178854, 0.11104172627922973, 0.7000000000000001], [28.828029263627087, 0.12398365904273449, 0.7000000000000001], [38.65653880814483, 0.13194979869234524, 2.1367835709373613]], "peak_params_": [[7.934882991631582, 0.8923564523447283, 1.83584331122219], [23.640506663185516, 0.11074776838106004, 1.4000000000000001], [25.804303883178854, 0.10982259144558704, 1.4000000000000001], [28.828029263627087, 0.1170854004533286, 1.4000000000000001], [38.65653880814483, 0.1318256628242711, 4.2735671418747225]], "r_squared_": 0.9862762924914252, "error_": 0.02944517814464985}