{"freq_range": [5.319148936170213, 39.8936170212766], "freq_res": 0.6648936170212769, "aperiodic_params_": [-10.575081448737933, 1.3196478337494244], "gaussian_params_": [[7.90011668097834, 0.7651913038669583, 1.078023505436406], [21.270480238291654, 0.0828362789730069, 0.7000000000001735], [25.474034804937574, 0.11474266942993709, 3.4630696052634113]], "peak_params_": [[7.90011668097834, 0.7631600911975056, 2.156047010872812], [21.270480238291654, 0.13787808417450442, 1.400000000000347], [25.474034804937574, 0.11453574317012993, 6.926139210526823]], "r_squared_": 0.9897581416188025, "error_": 0.03561130421223718}