{"freq_range": [5.319148936170213, 39.8936170212766], "freq_res": 0.6648936170212769, "aperiodic_params_": [-12.11169221864282, 0.1534500166926084], "gaussian_params_": [[7.474230079193857, 0.780579178931724, 1.380642543855558], [20.16749081413354, 0.19047725048277, 1.5291187620383113], [24.42992466203844, 0.46738716851522205, 2.653255081684752]], "peak_params_": [[7.474230079193857, 0.7753290483279294, 2.761285087711116], [20.16749081413354, 0.30063531077808037, 3.0582375240766226], [24.42992466203844, 0.4692626780341236, 5.306510163369504]], "r_squared_": 0.9246105588043896, "error_": 0.0567369921511899}