{"freq_range": [5.319148936170213, 39.8936170212766], "freq_res": 0.6648936170212769, "aperiodic_params_": [-10.599512611895586, 1.6328408105415184], "gaussian_params_": [[8.14861119464109, 1.3432186965676438, 1.0290781098980675], [19.859550201946483, 0.24994316281418977, 1.961401143122375], [24.947248130510793, 0.24768978931986863, 1.59953731349582]], "peak_params_": [[8.14861119464109, 1.325038916042363, 2.058156219796135], [19.859550201946483, 0.25156546368033617, 3.92280228624475], [24.947248130510793, 0.24841924127305326, 3.19907462699164]], "r_squared_": 0.9923625410002966, "error_": 0.041085714798711724}