{"freq_range": [5.319148936170213, 39.8936170212766], "freq_res": 0.6648936170212769, "aperiodic_params_": [-13.853129852840313, -1.3624885323091975], "gaussian_params_": [[7.4189006280020635, 0.5098587662351282, 0.9442444879425628], [17.65296133349309, 0.6206988189573343, 2.8918937803810065]], "peak_params_": [[7.4189006280020635, 0.5077525271005658, 1.8884889758851255], [17.65296133349309, 0.6173863620309685, 5.783787560762013]], "r_squared_": 0.9037189018954811, "error_": 0.08201650565314886}