{"freq_range": [5.319148936170213, 39.8936170212766], "freq_res": 0.6648936170212769, "aperiodic_params_": [-9.859849423181183, 1.9615431983282199], "gaussian_params_": [[8.150219026019355, 1.2295320274528576, 0.9135294220195721], [21.694812524568896, 0.268624868626685, 3.6211043278974393]], "peak_params_": [[8.150219026019355, 1.208262067864995, 1.8270588440391442], [21.694812524568896, 0.26800230013360604, 7.242208655794879]], "r_squared_": 0.9908690691420696, "error_": 0.04786952503393607}