{"freq_range": [5.319148936170213, 39.8936170212766], "freq_res": 0.6648936170212769, "aperiodic_params_": [-10.375458137628176, 1.5788333170768647], "gaussian_params_": [[8.222425590331074, 1.2058214502748485, 0.8574795782311272], [20.71702127659574, 0.15227448267048524, 3.406044868373025]], "peak_params_": [[8.222425590331074, 1.1582320475368668, 1.7149591564622544], [20.71702127659574, 0.1522017034693821, 6.81208973674605]], "r_squared_": 0.9904239919941845, "error_": 0.041274345908340185}