{"freq_range": [5.319148936170213, 39.8936170212766], "freq_res": 0.6648936170212769, "aperiodic_params_": [-12.579813555785458, -0.3076664823177409], "gaussian_params_": [[7.588533950909863, 0.6830916570649084, 1.1165588121870154], [17.630485190399362, 0.32620500346221126, 2.4672052782028833]], "peak_params_": [[7.588533950909863, 0.6627798366879265, 2.2331176243740307], [17.630485190399362, 0.3234447252299759, 4.9344105564057665]], "r_squared_": 0.7990377247801882, "error_": 0.05515576954302662}