{"freq_range": [5.319148936170213, 39.8936170212766], "freq_res": 0.6648936170212769, "aperiodic_params_": [-12.958516343730901, -0.6847989946034277], "gaussian_params_": [[7.20133588679315, 0.6895329311617002, 1.2350758617820585], [16.122310875975586, 0.35835755977683004, 0.9352849294418747], [19.811152317492127, 0.3185985812895423, 2.5082891235697526]], "peak_params_": [[7.20133588679315, 0.6866799559373913, 2.470151723564117], [16.122310875975586, 0.4507078750824487, 1.8705698588837494], [19.811152317492127, 0.3182168051347407, 5.016578247139505]], "r_squared_": 0.8431698250250592, "error_": 0.057177874650402624}