{"freq_range": [5.319148936170213, 39.8936170212766], "freq_res": 0.6648936170212769, "aperiodic_params_": [-11.551385477027042, 0.4073663389339686], "gaussian_params_": [[7.690390063142269, 0.6367343759038079, 1.0149690869996622]], "peak_params_": [[7.690390063142269, 0.6115529824550094, 2.0299381739993243]], "r_squared_": 0.950610256137029, "error_": 0.03550734301140796}