{"freq_range": [5.319148936170213, 39.8936170212766], "freq_res": 0.6648936170212769, "aperiodic_params_": [-11.10847038538365, 0.7195369873543797], "gaussian_params_": [[7.91212066050882, 0.7652652604528539, 1.0161564315940583]], "peak_params_": [[7.91212066050882, 0.7636232392670248, 2.0323128631881167]], "r_squared_": 0.9657930419360736, "error_": 0.04162602561702239}