{"freq_range": [5.319148936170213, 39.8936170212766], "freq_res": 0.6648936170212769, "aperiodic_params_": [-11.434421340872186, 0.5838431992289667], "gaussian_params_": [[7.919476211321467, 0.7817955681173483, 1.129369877442162], [22.18882223266966, 0.17038663861109957, 2.8968080530388147]], "peak_params_": [[7.919476211321467, 0.7807215350496204, 2.258739754884324], [22.18882223266966, 0.1697667145065349, 5.7936161060776294]], "r_squared_": 0.9537765794054712, "error_": 0.05047335676187962}