{"freq_range": [5.319148936170213, 39.8936170212766], "freq_res": 0.6648936170212769, "aperiodic_params_": [-11.36067207883052, 0.5979890819847005], "gaussian_params_": [[7.817447755245857, 0.7142389489468298, 0.952739930939291]], "peak_params_": [[7.817447755245857, 0.7040789183645106, 1.905479861878582]], "r_squared_": 0.9571252828479454, "error_": 0.048199167932466716}