{"freq_range": [5.319148936170213, 39.8936170212766], "freq_res": 0.6648936170212769, "aperiodic_params_": [-11.467374591975174, 0.45995791024309834], "gaussian_params_": [[7.759263962719798, 0.5935240993131414, 1.003539076416271], [21.007491115739892, 0.15435138610587837, 2.798123193747616]], "peak_params_": [[7.759263962719798, 0.5795033038548638, 2.007078152832542], [21.007491115739892, 0.1536392133275779, 5.596246387495232]], "r_squared_": 0.9132472704383703, "error_": 0.051567709401583846}