{"freq_range": [5.319148936170213, 39.8936170212766], "freq_res": 0.6648936170212769, "aperiodic_params_": [-9.855372500818852, 1.797178809276384], "gaussian_params_": [[8.174251928051266, 1.2005202453740929, 0.8270269311597228]], "peak_params_": [[8.174251928051266, 1.167432609965564, 1.6540538623194456]], "r_squared_": 0.9847753594710017, "error_": 0.05148656407512809}