{"freq_range": [5.319148936170213, 39.8936170212766], "freq_res": 0.6648936170212769, "aperiodic_params_": [-10.226847684701779, 1.7207925277758958], "gaussian_params_": [[8.138708378112172, 1.070868350524264, 0.9989614764489991], [18.41388731716745, 0.21696440770651707, 1.2309846586342126], [23.043559690887726, 0.188353932966086, 3.103032599736723], [27.159109670406785, 0.07084806540197873, 0.7000000014888879]], "peak_params_": [[8.138708378112172, 1.0572244183051858, 1.9979229528979983], [18.41388731716745, 0.2821212346284625, 2.461969317268425], [23.043559690887726, 0.1879376709984637, 6.206065199473446], [27.159109670406785, 0.1449097026284143, 1.4000000029777757]], "r_squared_": 0.9952462133573622, "error_": 0.029781560428353858}