{"freq_range": [5.319148936170213, 39.8936170212766], "freq_res": 0.6648936170212769, "aperiodic_params_": [-10.361437956331477, 1.8447532568484486], "gaussian_params_": [[8.178114599369241, 1.4532023842896182, 0.9086420520392564], [21.010020197408995, 0.26306586919723624, 3.2519283280607905]], "peak_params_": [[8.178114599369241, 1.4187176838112485, 1.8172841040785128], [21.010020197408995, 0.26218347263908903, 6.503856656121581]], "r_squared_": 0.9889961197164677, "error_": 0.055847338452284206}