{"freq_range": [5.319148936170213, 39.8936170212766], "freq_res": 0.6648936170212769, "aperiodic_params_": [-13.432178570425277, -0.8724589830483493], "gaussian_params_": [[8.005151951209772, 0.6488242298096629, 0.7000007061895838], [14.936290942556164, 0.35237832301541516, 1.181923380110174], [18.43035956513849, 0.3939308953674909, 2.5126645369388085]], "peak_params_": [[8.005151951209772, 0.6484308888443202, 1.4000014123791675], [14.936290942556164, 0.46589892133088817, 2.363846760220348], [18.43035956513849, 0.39560647811346605, 5.025329073877617]], "r_squared_": 0.8992565305413814, "error_": 0.05223522158307842}