{"freq_range": [5.319148936170213, 39.8936170212766], "freq_res": 0.6648936170212769, "aperiodic_params_": [-9.496447695569593, 2.0888602818471464], "gaussian_params_": [[8.175129183303316, 0.9523012480417504, 0.7599414585821558]], "peak_params_": [[8.175129183303316, 0.9210216946518681, 1.5198829171643116]], "r_squared_": 0.971662486569534, "error_": 0.07740103928084928}