{"freq_range": [5.319148936170213, 39.8936170212766], "freq_res": 0.6648936170212769, "aperiodic_params_": [-11.200021775496445, 0.626783218577593], "gaussian_params_": [[7.702538083866262, 0.8263177380071663, 1.2775202789292137], [21.045439509814813, 0.3433330441088433, 2.3711750922989374], [25.67151603730809, 0.18983847665863385, 0.7000000000000001], [38.92942555200445, 0.1975505037186391, 3.3337355126646866]], "peak_params_": [[7.702538083866262, 0.8072316865735925, 2.5550405578584274], [21.045439509814813, 0.34170564138337234, 4.742350184597875], [25.67151603730809, 0.2184545521248875, 1.4000000000000001], [38.92942555200445, 0.19675595920302058, 6.667471025329373]], "r_squared_": 0.9643421633685197, "error_": 0.045212282259329536}