{"freq_range": [5.319148936170213, 39.8936170212766], "freq_res": 0.6648936170212769, "aperiodic_params_": [-9.793581710464032, 1.8552443984817106], "gaussian_params_": [[8.1609103338333, 1.115535884221445, 0.839488014314475]], "peak_params_": [[8.1609103338333, 1.0895728537708091, 1.67897602862895]], "r_squared_": 0.9865133944220233, "error_": 0.047975723038888654}