{"freq_range": [5.319148936170213, 39.8936170212766], "freq_res": 0.6648936170212769, "aperiodic_params_": [-10.821830878373685, 1.4128035029499362], "gaussian_params_": [[8.127344150397853, 0.8732448029617226, 1.1465579003206212]], "peak_params_": [[8.127344150397853, 0.8659393036417082, 2.2931158006412424]], "r_squared_": 0.9735703059133765, "error_": 0.0629425217127258}