{"freq_range": [5.319148936170213, 39.8936170212766], "freq_res": 0.6648936170212769, "aperiodic_params_": [-9.4933873621426, 2.07947589005548], "gaussian_params_": [[8.123543560217874, 0.8927307045302187, 0.7796636790340018]], "peak_params_": [[8.123543560217874, 0.877462313360434, 1.5593273580680036]], "r_squared_": 0.972393599166126, "error_": 0.0772249889747918}