{"freq_range": [5.319148936170213, 39.8936170212766], "freq_res": 0.6648936170212769, "aperiodic_params_": [-12.677058140381272, 0.1250962657451624], "gaussian_params_": [[15.293396609745143, 0.2687153111415334, 1.0472975112320264], [18.77431298681615, 0.2375612923318938, 2.4115846056282355]], "peak_params_": [[15.293396609745143, 0.35249552976174137, 2.094595022464053], [18.77431298681615, 0.2388037398435685, 4.823169211256471]], "r_squared_": 0.33909424505842106, "error_": 0.0842190660474994}