{"freq_range": [5.319148936170213, 39.8936170212766], "freq_res": 0.6648936170212769, "aperiodic_params_": [-10.870847879784233, 1.0697048692350415], "gaussian_params_": [[7.94840879215864, 0.8495969398137875, 1.2104040681387123]], "peak_params_": [[7.94840879215864, 0.8493305251508776, 2.4208081362774245]], "r_squared_": 0.9749959136075368, "error_": 0.05226018958168454}