{"freq_range": [5.319148936170213, 39.8936170212766], "freq_res": 0.6648936170212769, "aperiodic_params_": [-12.020884758230817, 0.38688751897415147], "gaussian_params_": [[7.771382964641193, 0.6660063253327217, 0.9348269499022542], [17.148560155745628, 0.18371324083752003, 0.9958606006597637], [21.665228763202524, 0.125690807817908, 1.6808404913351893]], "peak_params_": [[7.771382964641193, 0.6498246382855353, 1.8696538998045085], [17.148560155745628, 0.18616870992339507, 1.9917212013195273], [21.665228763202524, 0.12400624643128744, 3.3616809826703786]], "r_squared_": 0.9406616765989363, "error_": 0.04376430515431122}