{"freq_range": [5.319148936170213, 39.8936170212766], "freq_res": 0.6648936170212769, "aperiodic_params_": [-11.771132202232865, 0.4919272586578191], "gaussian_params_": [[7.783331546441569, 0.821264737392456, 1.088114174408001], [21.987523824538723, 0.2483552884193476, 2.68599990334006], [39.89361702126875, 0.13061029660397114, 3.0780587892649036]], "peak_params_": [[7.783331546441569, 0.8081303227153125, 2.176228348816002], [21.987523824538723, 0.2483188212705585, 5.37199980668012], [39.89361702126875, 0.13061029665952262, 6.156117578529807]], "r_squared_": 0.9737740259747767, "error_": 0.0337795587948542}