{"freq_range": [5.319148936170213, 39.8936170212766], "freq_res": 0.6648936170212769, "aperiodic_params_": [-9.732790475619957, 1.8452727810563139], "gaussian_params_": [[8.0945196916623, 0.8609881594368892, 0.7857900376857857]], "peak_params_": [[8.0945196916623, 0.8516901970390567, 1.5715800753715714]], "r_squared_": 0.9841959464652853, "error_": 0.05704692065205808}