{"freq_range": [5.319148936170213, 39.8936170212766], "freq_res": 0.6648936170212769, "aperiodic_params_": [-12.453874316591163, -0.05462923651908269], "gaussian_params_": [[7.676892775902217, 0.5645203662281343, 1.0845374741211609], [16.20426239973497, 0.26542477283963517, 0.9251150792104669], [19.657804590797184, 0.2233219880625967, 2.3410405934751886]], "peak_params_": [[7.676892775902217, 0.5430772900795802, 2.1690749482423217], [16.20426239973497, 0.32017715158250226, 1.8502301584209337], [19.657804590797184, 0.22170087307557473, 4.682081186950377]], "r_squared_": 0.7925370150059069, "error_": 0.05287434533861215}