{"freq_range": [5.319148936170213, 39.8936170212766], "freq_res": 0.6648936170212769, "aperiodic_params_": [-10.866464939870065, 1.4104700328548072], "gaussian_params_": [[8.073943656647282, 0.9733242296947119, 1.15653169613133]], "peak_params_": [[8.073943656647282, 0.9700308990064315, 2.31306339226266]], "r_squared_": 0.9592707999115592, "error_": 0.0884822202057115}