{"freq_range": [5.319148936170213, 39.8936170212766], "freq_res": 0.6648936170212769, "aperiodic_params_": [-9.845475240282742, 1.981474988207904], "gaussian_params_": [[8.254876029003746, 1.3502399451496525, 0.8440482741012226]], "peak_params_": [[8.254876029003746, 1.2798720797149077, 1.6880965482024453]], "r_squared_": 0.9742063151592982, "error_": 0.08118908817762903}