{"freq_range": [5.319148936170213, 39.8936170212766], "freq_res": 0.6648936170212769, "aperiodic_params_": [-11.343167520008585, 0.4398438776224436], "gaussian_params_": [[7.753394517720966, 0.6658759117978909, 1.1043431502378473], [38.6380705982134, 0.09560245689798377, 3.9999999999999996]], "peak_params_": [[7.753394517720966, 0.6521583575220191, 2.2086863004756947], [38.6380705982134, 0.09558599169501569, 7.999999999999999]], "r_squared_": 0.9286524992695058, "error_": 0.046895388921405115}