{"freq_range": [5.319148936170213, 39.8936170212766], "freq_res": 0.6648936170212769, "aperiodic_params_": [-11.400150647150655, 0.46071045900886404], "gaussian_params_": [[7.799331523981162, 0.7371175212062966, 1.2343343050276463], [18.07912259115838, 0.16457502206670752, 0.7066218350141551], [19.91226121536897, 0.15005060640193527, 0.7000000000000001], [33.97335824582986, 0.0969511081906386, 3.9999999999996283]], "peak_params_": [[7.799331523981162, 0.7293736985092227, 2.4686686100552926], [18.07912259115838, 0.1649459240235931, 1.4132436700283102], [19.91226121536897, 0.155079624040809, 1.4000000000000001], [33.97335824582986, 0.09693878294260472, 7.999999999999257]], "r_squared_": 0.9549731148323058, "error_": 0.04517996416034951}