{"freq_range": [5.319148936170213, 39.8936170212766], "freq_res": 0.6648936170212769, "aperiodic_params_": [-9.406964866329254, 2.1396440537265202], "gaussian_params_": [[8.188308920545527, 0.9127569161552727, 0.756755198036737]], "peak_params_": [[8.188308920545527, 0.8784141280699966, 1.513510396073474]], "r_squared_": 0.9712084652615317, "error_": 0.07799119121695594}