{"freq_range": [5.319148936170213, 39.8936170212766], "freq_res": 0.6648936170212769, "aperiodic_params_": [-11.761732814408017, 0.20355095715011406], "gaussian_params_": [[7.7371294445329575, 0.6680469784907934, 1.106066390324686], [17.106063880772236, 0.2277693515365096, 1.510391608908419], [34.15622065615542, 0.13750262469274271, 3.7749912643711863]], "peak_params_": [[7.7371294445329575, 0.6522992857381311, 2.212132780649372], [17.106063880772236, 0.2261430235487616, 3.020783217816838], [34.15622065615542, 0.13720944458661855, 7.5499825287423725]], "r_squared_": 0.9286595438860078, "error_": 0.038843235292340204}