{"freq_range": [5.319148936170213, 39.8936170212766], "freq_res": 0.6648936170212769, "aperiodic_params_": [-9.868361267271924, 1.9599551260853896], "gaussian_params_": [[8.203452680681126, 1.3411449734184093, 0.8464968400081436]], "peak_params_": [[8.203452680681126, 1.2947057968583149, 1.6929936800162873]], "r_squared_": 0.9738014333258167, "error_": 0.08026499044694094}