{"freq_range": [5.319148936170213, 39.8936170212766], "freq_res": 0.6648936170212769, "aperiodic_params_": [-10.066390569779896, 1.5873824008211481], "gaussian_params_": [[8.137889893243212, 1.0624081682106026, 0.8503192438939614]], "peak_params_": [[8.137889893243212, 1.0439579284498173, 1.7006384877879228]], "r_squared_": 0.9833846094798553, "error_": 0.05606489472229893}