{"freq_range": [5.319148936170213, 39.8936170212766], "freq_res": 0.6648936170212769, "aperiodic_params_": [-12.326912773892861, -0.3797053290310716], "gaussian_params_": [[7.4450826482635275, 0.6413751503659844, 1.1814560700241863], [18.94071258873508, 0.3037571444527737, 2.436586514581181]], "peak_params_": [[7.4450826482635275, 0.637432891968178, 2.3629121400483726], [18.94071258873508, 0.3010885645661645, 4.873173029162362]], "r_squared_": 0.8345404660241017, "error_": 0.05357527027833054}