{"freq_range": [5.319148936170213, 39.8936170212766], "freq_res": 0.6648936170212769, "aperiodic_params_": [-10.35272086259147, 1.8713209439229994], "gaussian_params_": [[8.262923890850013, 1.3897010756971393, 1.0797586353258537], [21.54922782915576, 0.26449526325944905, 3.999999999999999]], "peak_params_": [[8.262923890850013, 1.343224970161156, 2.1595172706517074], [21.54922782915576, 0.2638816177424257, 7.999999999999998]], "r_squared_": 0.9891243249368575, "error_": 0.055339099918991885}