{"freq_range": [5.319148936170213, 39.8936170212766], "freq_res": 0.6648936170212769, "aperiodic_params_": [-10.005228025361877, 1.8582788428674648], "gaussian_params_": [[8.200946442105991, 1.2372054574644344, 0.874157503379082], [19.841489361702457, 0.19341053543262904, 2.0307559630212317], [25.05634686536357, 0.23879666403092953, 1.5891191489573409]], "peak_params_": [[8.200946442105991, 1.1978674026597567, 1.748315006758164], [19.841489361702457, 0.19450919465820427, 4.0615119260424635], [25.05634686536357, 0.24218736545890351, 3.1782382979146817]], "r_squared_": 0.9919975104352722, "error_": 0.040203805963806}