{"freq_range": [5.319148936170213, 39.8936170212766], "freq_res": 0.6648936170212769, "aperiodic_params_": [-9.382933511847023, 2.139469435184668], "gaussian_params_": [[8.118957770136758, 0.9475458285830953, 0.7720825718195865]], "peak_params_": [[8.118957770136758, 0.9320442927999526, 1.544165143639173]], "r_squared_": 0.973191819138827, "error_": 0.07725163538748854}