{"freq_range": [5.319148936170213, 39.8936170212766], "freq_res": 0.6648936170212769, "aperiodic_params_": [-11.368368082751415, 1.4443154167828909], "gaussian_params_": [[7.9133597914120575, 1.071953256671354, 1.01242296474459], [24.33884206972771, 0.22850817904195947, 3.2455447829741733]], "peak_params_": [[7.9133597914120575, 1.0697222213345903, 2.02484592948918], [24.33884206972771, 0.22776357489379429, 6.4910895659483465]], "r_squared_": 0.9791727200212392, "error_": 0.05625540554369426}