{"freq_range": [5.319148936170213, 39.8936170212766], "freq_res": 0.6648936170212769, "aperiodic_params_": [-11.130114955327088, 0.6789348051655723], "gaussian_params_": [[7.898284226549974, 0.8654498323637853, 1.020867153979987], [19.476058747027896, 0.27921831399746616, 1.642727821646437], [23.099186404877063, 0.20402412540165804, 0.7262885497860729], [25.176246216053407, 0.1349383333584209, 0.7512173758984918]], "peak_params_": [[7.898284226549974, 0.8627673630412431, 2.041734307959974], [19.476058747027896, 0.277275332789209, 3.285455643292874], [23.099186404877063, 0.2231538221249263, 1.4525770995721459], [25.176246216053407, 0.13692213067131753, 1.5024347517969836]], "r_squared_": 0.9248062643526211, "error_": 0.07818627501508475}