{"freq_range": [5.319148936170213, 39.8936170212766], "freq_res": 0.6648936170212769, "aperiodic_params_": [-11.770532223951694, 0.5079761155760522], "gaussian_params_": [[7.741647008649271, 0.8048640808929458, 1.115801820839009], [23.355111679400654, 0.28007421399420657, 2.888901575546207]], "peak_params_": [[7.741647008649271, 0.7869002887750565, 2.231603641678018], [23.355111679400654, 0.27995630747692246, 5.777803151092414]], "r_squared_": 0.9618977360822488, "error_": 0.0429229553198961}