{"freq_range": [5.319148936170213, 39.8936170212766], "freq_res": 0.6648936170212769, "aperiodic_params_": [-12.040445944966764, 0.29255412631773414], "gaussian_params_": [[7.601568164375917, 0.8719423722184615, 1.2949268987068887], [24.70221299168911, 0.3153060169773882, 3.5348716144783094]], "peak_params_": [[7.601568164375917, 0.8506816877038936, 2.5898537974137774], [24.70221299168911, 0.3151769572767975, 7.069743228956619]], "r_squared_": 0.9452853548977816, "error_": 0.048335953579469675}