{"freq_range": [5.319148936170213, 39.8936170212766], "freq_res": 0.6648936170212769, "aperiodic_params_": [-10.359253479555385, 1.3482013128350918], "gaussian_params_": [[8.059748853758096, 0.9454197283075745, 0.9486468144674782], [19.766452561390302, 0.1476582749944536, 1.4906578486652151], [25.30184060197514, 0.19582234822226285, 1.224277211187628], [33.78919983406361, 0.15568287498206665, 0.7000000000000001], [38.2007025386523, 0.14050124929413066, 0.940698185215861]], "peak_params_": [[8.059748853758096, 0.9419775240432084, 1.8972936289349565], [19.766452561390302, 0.14659517205353012, 2.9813156973304302], [25.30184060197514, 0.1959018080395225, 2.448554422375256], [33.78919983406361, 0.15340217569113435, 1.4000000000000001], [38.2007025386523, 0.1334548709900325, 1.881396370431722]], "r_squared_": 0.9893645371505764, "error_": 0.03533546050235869}