{"freq_range": [5.319148936170213, 39.8936170212766], "freq_res": 0.6648936170212769, "aperiodic_params_": [-10.846774425342211, 1.4292628875269517], "gaussian_params_": [[8.201567408988703, 1.1168886399992435, 0.9222777600722137]], "peak_params_": [[8.201567408988703, 1.084756844301058, 1.8445555201444275]], "r_squared_": 0.9763881540888834, "error_": 0.0668714363822792}