{"freq_range": [5.319148936170213, 39.8936170212766], "freq_res": 0.6648936170212769, "aperiodic_params_": [-11.855427430115705, 0.44147766389185794], "gaussian_params_": [[7.757372230856168, 0.857122835109715, 1.239965408029194], [22.283328815425296, 0.23927847422326914, 2.3916077724373657], [29.777237399537775, 0.12000360393036992, 3.9999999999999996]], "peak_params_": [[7.757372230856168, 0.8435740379541805, 2.479930816058388], [22.283328815425296, 0.26116689286218886, 4.783215544874731], [29.777237399537775, 0.12138832106406738, 7.999999999999999]], "r_squared_": 0.9533465100062197, "error_": 0.0483943913990908}