{"freq_range": [5.319148936170213, 39.8936170212766], "freq_res": 0.6648936170212769, "aperiodic_params_": [-11.269928349622937, 0.809358870712231], "gaussian_params_": [[7.758614158776044, 0.6033488043431375, 1.0990012358113899], [36.463829787234054, 0.11747929382943167, 3.9999999999999996]], "peak_params_": [[7.758614158776044, 0.5913684190828565, 2.1980024716227797], [36.463829787234054, 0.11743857917400469, 7.999999999999999]], "r_squared_": 0.9334016455557638, "error_": 0.05914926492430677}