{"freq_range": [5.319148936170213, 39.8936170212766], "freq_res": 0.6648936170212769, "aperiodic_params_": [-11.05404478075336, 0.8571509095461496], "gaussian_params_": [[7.978655964626142, 0.7651274531604779, 1.254553059951777]], "peak_params_": [[7.978655964626142, 0.7651274520549851, 2.509106119903554]], "r_squared_": 0.961680046113121, "error_": 0.053945593779303566}