{"freq_range": [5.319148936170213, 39.8936170212766], "freq_res": 0.6648936170212769, "aperiodic_params_": [-10.322704214299216, 1.8275178683712578], "gaussian_params_": [[8.250005918051842, 1.4365256533754442, 0.9077253755627221]], "peak_params_": [[8.250005918051842, 1.3737839006000456, 1.8154507511254443]], "r_squared_": 0.9755908447667495, "error_": 0.08417528660453873}