{"freq_range": [5.319148936170213, 39.8936170212766], "freq_res": 0.6648936170212769, "aperiodic_params_": [-9.582030375843349, 1.9558315289083579], "gaussian_params_": [[8.121675884397625, 0.8566699968960118, 0.779242194930225]], "peak_params_": [[8.121675884397625, 0.8423753576182627, 1.55848438986045]], "r_squared_": 0.9811616311283128, "error_": 0.06399841240522046}