{"freq_range": [5.319148936170213, 39.8936170212766], "freq_res": 0.6648936170212769, "aperiodic_params_": [-9.610775030837226, 2.1745435035876337], "gaussian_params_": [[8.21040382063339, 1.285380229292323, 0.8900118240975622], [20.944804126476864, 0.28609726608819835, 3.7059080505958084]], "peak_params_": [[8.21040382063339, 1.243188230660552, 1.7800236481951244], [20.944804126476864, 0.2849529256344976, 7.411816101191617]], "r_squared_": 0.989545549052712, "error_": 0.05173963069761888}