{"freq_range": [5.319148936170213, 39.8936170212766], "freq_res": 0.6648936170212769, "aperiodic_params_": [-11.265604557663847, 0.7487387598651317], "gaussian_params_": [[7.7853738993676584, 0.7472936839019515, 1.145875771549336], [18.049386388774078, 0.14984377086043357, 0.7000000000000001], [21.59732062971766, 0.15103911673293569, 1.0387840562223112]], "peak_params_": [[7.7853738993676584, 0.7367307447179048, 2.291751543098672], [18.049386388774078, 0.14872442135053454, 1.4000000000000001], [21.59732062971766, 0.14401258701056463, 2.0775681124446224]], "r_squared_": 0.9821815642639726, "error_": 0.03260414025676693}