{"freq_range": [5.319148936170213, 39.8936170212766], "freq_res": 0.6648936170212769, "aperiodic_params_": [-12.037383281214929, 0.19099339282473032], "gaussian_params_": [[7.529842586723754, 0.6871133628443606, 1.1938655143786288], [22.467059686959484, 0.4104454303350699, 3.113998012338314]], "peak_params_": [[7.529842586723754, 0.675960619682181, 2.3877310287572575], [22.467059686959484, 0.41003483037638766, 6.227996024676628]], "r_squared_": 0.9001204116131503, "error_": 0.05386954307504933}