{"freq_range": [5.319148936170213, 39.8936170212766], "freq_res": 0.6648936170212769, "aperiodic_params_": [-13.43234649175687, -0.926015189857499], "gaussian_params_": [[7.921441486259645, 0.6212952079283147, 0.7000000000000001], [17.563024854001387, 0.44944722149204946, 3.044738722836292]], "peak_params_": [[7.921441486259645, 0.6223881255498309, 1.4000000000000001], [17.563024854001387, 0.4476072219054128, 6.089477445672584]], "r_squared_": 0.9171568635664689, "error_": 0.05133564483320856}