{"freq_range": [5.319148936170213, 39.8936170212766], "freq_res": 0.6648936170212769, "aperiodic_params_": [-10.702488734887108, 1.0217491276925341], "gaussian_params_": [[7.947332041662283, 0.7865513706788704, 0.9971219825829563], [25.252216117625622, 0.1439686216830733, 3.6706425163096053]], "peak_params_": [[7.947332041662283, 0.7861639224135253, 1.9942439651659125], [25.252216117625622, 0.14396761287247628, 7.3412850326192105]], "r_squared_": 0.9817074167195734, "error_": 0.04008109689728318}