{"freq_range": [5.319148936170213, 39.8936170212766], "freq_res": 0.6648936170212769, "aperiodic_params_": [-10.250406620604043, 1.6905253974191772], "gaussian_params_": [[8.191926390253714, 1.132169041215671, 0.8734605922661021], [20.99931028032681, 0.17784817445455295, 3.33108175969006]], "peak_params_": [[8.191926390253714, 1.0990247486747737, 1.7469211845322041], [20.99931028032681, 0.17723306708952613, 6.66216351938012]], "r_squared_": 0.9899117903637432, "error_": 0.041995241322753986}