{"freq_range": [5.319148936170213, 39.8936170212766], "freq_res": 0.6648936170212769, "aperiodic_params_": [-11.331494150841737, 0.5298644346560403], "gaussian_params_": [[7.738017463089612, 0.8932065618514463, 1.187532440010985], [18.433561862421715, 0.20384813308605737, 1.3098512361938708], [21.14292841915316, 0.21500670574226524, 1.975754117833303]], "peak_params_": [[7.738017463089612, 0.8750450725651895, 2.37506488002197], [18.433561862421715, 0.296817828416188, 2.6197024723877416], [21.14292841915316, 0.23384867987308233, 3.951508235666606]], "r_squared_": 0.9397442639201843, "error_": 0.06528598170852724}