{"freq_range": [5.319148936170213, 39.8936170212766], "freq_res": 0.6648936170212769, "aperiodic_params_": [-10.75472083876932, 1.539503516744564], "gaussian_params_": [[8.09600247371243, 1.0625688102943947, 0.961837978938943], [21.825600567980846, 0.17473841687297384, 3.9745319969351063]], "peak_params_": [[8.09600247371243, 1.0551035818405712, 1.923675957877886], [21.825600567980846, 0.17466415310396144, 7.949063993870213]], "r_squared_": 0.9840879217644758, "error_": 0.048830668987898194}