{"freq_range": [5.319148936170213, 39.8936170212766], "freq_res": 0.6648936170212769, "aperiodic_params_": [-10.924178845994064, 0.9171469869345784], "gaussian_params_": [[7.884255184499458, 0.7657201720200388, 1.0651765482185038], [39.11789451162566, 0.18191475084511313, 3.99332056589577]], "peak_params_": [[7.884255184499458, 0.762714686409435, 2.1303530964370077], [39.11789451162566, 0.1818447034594204, 7.98664113179154]], "r_squared_": 0.9780626877189025, "error_": 0.038072899577692235}