{"freq_range": [5.319148936170213, 39.8936170212766], "freq_res": 0.6648936170212769, "aperiodic_params_": [-9.829223923621388, 2.0717286395001753], "gaussian_params_": [[8.180393210943594, 1.4775888019125354, 0.8990274417837827], [21.301590584739067, 0.27629312477976076, 3.8676408708497605]], "peak_params_": [[8.180393210943594, 1.4416091758196483, 1.7980548835675654], [21.301590584739067, 0.2762873552025429, 7.735281741699521]], "r_squared_": 0.9879473479406717, "error_": 0.056225754109189646}