{"freq_range": [5.319148936170213, 39.8936170212766], "freq_res": 0.6648936170212769, "aperiodic_params_": [-10.71711807382184, 1.1240878697690377], "gaussian_params_": [[7.808533693767917, 0.6837130134237823, 1.0643847791945273], [36.73993321982014, 0.1413880741994073, 3.99999999990122]], "peak_params_": [[7.808533693767917, 0.6750286045846394, 2.1287695583890547], [36.73993321982014, 0.14125926090248342, 7.99999999980244]], "r_squared_": 0.9566120170380124, "error_": 0.0626444529524542}