{"freq_range": [5.319148936170213, 39.8936170212766], "freq_res": 0.6648936170212769, "aperiodic_params_": [-9.570675190228599, 2.028774347529412], "gaussian_params_": [[8.111489277669023, 0.9398545522999204, 0.7652452576547712]], "peak_params_": [[8.111489277669023, 0.9258154846147413, 1.5304905153095425]], "r_squared_": 0.9797834232244197, "error_": 0.06397808804343756}