{"freq_range": [5.319148936170213, 39.8936170212766], "freq_res": 0.6648936170212769, "aperiodic_params_": [-10.516635608092416, 1.4457822617603047], "gaussian_params_": [[8.142911274374269, 1.0423898270915952, 0.9372014378486], [18.621528504772616, 0.23255269118297, 0.8594875292046671], [22.060728619249883, 0.18567108566768695, 1.2991021526274404], [25.851724172757724, 0.19040876219166447, 1.471427215493786]], "peak_params_": [[8.142911274374269, 1.0265157530041122, 1.8744028756972], [18.621528504772616, 0.23808234639185066, 1.7189750584093342], [22.060728619249883, 0.19059877049213547, 2.598204305254881], [25.851724172757724, 0.19232941920092905, 2.942854430987572]], "r_squared_": 0.9876353226801907, "error_": 0.04461928118126797}